PRODUCTID,PRICE_UNITARIO,QUANTITY,DELIVERYDATE,PRODCATEGORYID,PRICE
MB-1034,2499,4,2018-03-11,MB,2499
CB-1161,399,9,2018-03-11,CB,399
HB-1175,899,2,2018-02-28,HB,899
RC-1056,2499,2,2018-02-28,RC,2499
CC-1021,1144,3,2018-02-28,CC,1144
CB-1161,399,6,2018-02-28,CB,399
HB-1175,899,6,2018-03-09,HB,899
RC-1055,1999,3,2018-03-09,RC,1999
DB-1081,1499,3,2018-03-09,DB,1499
EB-1133,2250,10,2018-03-09,EB,2250
BX-1015,299,9,2018-03-09,BX,299
CC-1021,1144,4,2018-03-09,CC,1144
RC-1056,2499,3,2018-02-23,RC,2499
BX-1013,449,2,2018-02-23,BX,449
RC-1056,2499,5,2018-02-23,RC,2499
CB-1161,399,1,2018-02-23,CB,399
EB-1131,1500,10,2018-02-23,EB,1500
MB-1034,2499,3,2018-02-23,MB,2499
DB-1082,1250,8,2018-02-23,DB,1250
EB-1134,4800,10,2018-02-23,EB,4800
BX-1014,799,3,2018-03-05,BX,799
EB-1134,4800,2,2018-03-05,EB,4800
CB-1163,288,8,2018-03-05,CB,288
BX-1013,449,6,2018-03-05,BX,449
MB-1034,2499,10,2018-03-05,MB,2499
MB-1031,649,2,2018-03-05,MB,649
RC-1051,2499,10,2018-03-05,RC,2499
HB-1174,379,9,2018-03-05,HB,379
RC-1054,5499,10,2018-03-01,RC,5499
CC-1021,1144,3,2018-03-01,CC,1144
RC-1052,3999,9,2018-03-01,RC,3999
BX-1011,249,10,2018-03-01,BX,249
HB-1175,899,2,2018-03-01,HB,899
RO-1002,689,8,2018-03-01,RO,689
EB-1137,7900,5,2018-03-14,EB,7900
CB-1163,288,8,2018-03-14,CB,288
EB-1134,4800,7,2018-03-14,EB,4800
HB-1176,1199,3,2018-03-14,HB,1199
RC-1052,3999,6,2018-03-14,RC,3999
EB-1135,3000,9,2018-03-14,EB,3000
RC-1054,5499,8,2018-03-14,RC,5499
HB-1171,699,2,2018-03-08,HB,699
EB-1137,7900,10,2018-02-25,EB,7900
CC-1022,1200,6,2018-02-25,CC,1200
CC-1023,1361,10,2018-02-25,CC,1361
RC-1052,3999,7,2018-02-25,RC,3999
BX-1014,799,9,2018-03-09,BX,799
EB-1131,1500,3,2018-03-09,EB,1500
EB-1135,3000,7,2018-03-09,EB,3000
CC-1021,1144,1,2018-03-09,CC,1144
EB-1135,3000,6,2018-03-09,EB,3000
BX-1013,449,10,2018-03-09,BX,449
DB-1081,1499,10,2018-03-09,DB,1499
CB-1161,399,8,2018-03-09,CB,399
HB-1171,699,4,2018-03-09,HB,699
HB-1175,899,2,2018-03-09,HB,899
RO-1002,689,10,2018-03-23,RO,689
CC-1021,1144,3,2018-03-23,CC,1144
MB-1032,1299,8,2018-03-22,MB,1299
RO-1001,525,3,2018-03-22,RO,525
MB-1031,649,5,2018-03-22,MB,649
BX-1016,319,1,2018-03-22,BX,319
EB-1132,1900,1,2018-03-22,EB,1900
EB-1135,3000,9,2018-03-22,EB,3000
RC-1054,5499,10,2018-03-22,RC,5499
HB-1176,1199,9,2018-03-17,HB,1199
CB-1161,399,2,2018-03-17,CB,399
BX-1013,449,9,2018-03-17,BX,449
RO-1001,525,3,2018-03-21,RO,525
BX-1015,299,7,2018-03-21,BX,299
RC-1055,1999,8,2018-03-21,RC,1999
RO-1001,525,5,2018-03-21,RO,525
CC-1023,1361,3,2018-03-21,CC,1361
EB-1133,2250,8,2018-03-21,EB,2250
CC-1022,1200,9,2018-03-21,CC,1200
RC-1051,2499,6,2018-03-21,RC,2499
CB-1161,399,3,2018-03-15,CB,399
DB-1082,1250,4,2018-03-15,DB,1250
DB-1081,1499,10,2018-03-15,DB,1499
BX-1011,249,3,2018-03-15,BX,249
CC-1022,1200,7,2018-03-15,CC,1200
CB-1162,400,6,2018-03-15,CB,400
DB-1083,1199,2,2018-04-03,DB,1199
CB-1162,400,7,2018-04-03,CB,400
MB-1033,3999,4,2018-04-03,MB,3999
RC-1052,3999,4,2018-03-07,RC,3999
BX-1012,399,1,2018-03-07,BX,399
RC-1052,3999,4,2018-03-07,RC,3999
EB-1133,2250,2,2018-03-07,EB,2250
EB-1132,1900,2,2018-03-07,EB,1900
RC-1057,4999,1,2018-03-05,RC,4999
DB-1083,1199,4,2018-03-05,DB,1199
RC-1053,4599,1,2018-03-05,RC,4599
DB-1081,1499,7,2018-03-05,DB,1499
BX-1011,249,1,2018-03-05,BX,249
EB-1132,1900,1,2018-03-05,EB,1900
RO-1001,525,8,2018-03-05,RO,525
RC-1054,5499,8,2018-03-05,RC,5499
BX-1016,319,9,2018-03-28,BX,319
DB-1082,1250,10,2018-04-01,DB,1250
RO-1001,525,5,2018-04-01,RO,525
DB-1083,1199,10,2018-04-01,DB,1199
CB-1162,400,1,2018-04-01,CB,400
CC-1023,1361,8,2018-03-22,CC,1361
EB-1136,5000,3,2018-03-22,EB,5000
MB-1033,3999,8,2018-03-22,MB,3999
HB-1174,379,1,2018-04-11,HB,379
EB-1132,1900,3,2018-03-30,EB,1900
DB-1082,1250,1,2018-03-30,DB,1250
CB-1163,288,5,2018-03-23,CB,288
HB-1176,1199,8,2018-03-23,HB,1199
RC-1053,4599,6,2018-03-23,RC,4599
DB-1083,1199,10,2018-03-23,DB,1199
EB-1132,1900,8,2018-03-23,EB,1900
RC-1051,2499,8,2018-03-23,RC,2499
HB-1172,799,2,2018-04-02,HB,799
CC-1023,1361,10,2018-04-02,CC,1361
BX-1013,449,5,2018-04-02,BX,449
CC-1021,1144,4,2018-04-02,CC,1144
RC-1056,2499,5,2018-04-02,RC,2499
EB-1135,3000,2,2018-04-02,EB,3000
CC-1023,1361,10,2018-04-02,CC,1361
CC-1022,1200,9,2018-04-02,CC,1200
CC-1023,1361,4,2018-04-02,CC,1361
MB-1034,2499,10,2018-04-02,MB,2499
RC-1056,2499,10,2018-03-25,RC,2499
HB-1173,649,8,2018-03-25,HB,649
RO-1003,721,5,2018-03-25,RO,721
BX-1013,449,4,2018-03-25,BX,449
MB-1034,2499,8,2018-03-25,MB,2499
DB-1081,1499,2,2018-04-12,DB,1499
DB-1083,1199,6,2018-04-12,DB,1199
BX-1013,449,10,2018-04-12,BX,449
HB-1175,899,2,2018-04-12,HB,899
BX-1011,249,6,2018-04-12,BX,249
RC-1056,2499,8,2018-04-12,RC,2499
EB-1136,5000,8,2018-04-12,EB,5000
HB-1175,899,6,2018-04-12,HB,899
CC-1023,1361,1,2018-04-12,CC,1361
CB-1161,399,3,2018-04-12,CB,399
HB-1171,699,7,2018-04-20,HB,699
RC-1052,3999,8,2018-04-20,RC,3999
RC-1055,1999,2,2018-04-20,RC,1999
HB-1171,699,7,2018-04-20,HB,699
CB-1163,288,7,2018-04-20,CB,288
BX-1014,799,1,2018-04-20,BX,799
CB-1161,399,8,2018-04-20,CB,399
EB-1133,2250,4,2018-04-20,EB,2250
EB-1132,1900,4,2018-04-20,EB,1900
RC-1052,3999,9,2018-04-20,RC,3999
EB-1136,5000,7,2018-03-30,EB,5000
MB-1033,3999,5,2018-03-30,MB,3999
CC-1023,1361,8,2018-03-30,CC,1361
RO-1003,721,7,2018-03-30,RO,721
HB-1172,799,1,2018-04-02,HB,799
BX-1014,799,9,2018-04-02,BX,799
RC-1054,5499,6,2018-04-02,RC,5499
BX-1013,449,2,2018-04-02,BX,449
EB-1132,1900,10,2018-04-02,EB,1900
EB-1133,2250,7,2018-04-02,EB,2250
RO-1001,525,2,2018-04-02,RO,525
HB-1172,799,9,2018-04-02,HB,799
CC-1022,1200,9,2018-04-02,CC,1200
HB-1173,649,8,2018-03-25,HB,649
EB-1134,4800,9,2018-03-25,EB,4800
BX-1013,449,4,2018-03-25,BX,449
RO-1003,721,9,2018-03-25,RO,721
HB-1173,649,8,2018-03-25,HB,649
HB-1174,379,7,2018-03-25,HB,379
DB-1082,1250,2,2018-03-25,DB,1250
EB-1133,2250,4,2018-03-25,EB,2250
CC-1021,1144,2,2018-04-08,CC,1144
CB-1163,288,2,2018-04-08,CB,288
RC-1053,4599,8,2018-04-08,RC,4599
BX-1012,399,5,2018-04-08,BX,399
RO-1003,721,5,2018-04-08,RO,721
DB-1083,1199,3,2018-04-08,DB,1199
HB-1171,699,1,2018-04-08,HB,699
HB-1174,379,5,2018-04-19,HB,379
RO-1002,689,8,2018-04-19,RO,689
EB-1134,4800,3,2018-04-19,EB,4800
CB-1163,288,3,2018-04-19,CB,288
RC-1056,2499,8,2018-04-19,RC,2499
BX-1012,399,8,2018-04-19,BX,399
EB-1132,1900,6,2018-04-19,EB,1900
MB-1033,3999,5,2018-04-01,MB,3999
EB-1131,1500,4,2018-04-01,EB,1500
HB-1176,1199,6,2018-04-01,HB,1199
RC-1052,3999,10,2018-04-01,RC,3999
BX-1015,299,1,2018-05-04,BX,299
DB-1082,1250,1,2018-05-04,DB,1250
RC-1052,3999,4,2018-05-04,RC,3999
HB-1175,899,8,2018-05-04,HB,899
CC-1022,1200,5,2018-05-04,CC,1200
EB-1137,7900,1,2018-04-30,EB,7900
EB-1132,1900,1,2018-04-30,EB,1900
EB-1134,4800,7,2018-04-30,EB,4800
RC-1056,2499,3,2018-04-30,RC,2499
HB-1172,799,7,2018-04-14,HB,799
EB-1137,7900,5,2018-04-14,EB,7900
CB-1163,288,5,2018-04-14,CB,288
RC-1057,4999,6,2018-04-14,RC,4999
CB-1162,400,1,2018-04-14,CB,400
EB-1136,5000,3,2018-04-14,EB,5000
HB-1171,699,6,2018-04-14,HB,699
BX-1016,319,2,2018-04-14,BX,319
BX-1015,299,7,2018-05-07,BX,299
DB-1081,1499,2,2018-05-07,DB,1499
BX-1016,319,3,2018-05-07,BX,319
EB-1132,1900,7,2018-05-01,EB,1900
EB-1136,5000,6,2018-05-01,EB,5000
BX-1013,449,7,2018-05-01,BX,449
RC-1054,5499,2,2018-04-24,RC,5499
EB-1133,2250,1,2018-04-24,EB,2250
EB-1135,3000,9,2018-05-05,EB,3000
CB-1163,288,5,2018-05-05,CB,288
EB-1134,4800,3,2018-05-05,EB,4800
CB-1161,399,2,2018-05-05,CB,399
BX-1014,799,4,2018-05-01,BX,799
BX-1016,319,10,2018-05-01,BX,319
CB-1161,399,7,2018-05-01,CB,399
DB-1082,1250,3,2018-05-01,DB,1250
BX-1015,299,9,2018-05-01,BX,299
EB-1136,5000,1,2018-05-01,EB,5000
BX-1015,299,4,2018-05-01,BX,299
HB-1174,379,4,2018-05-01,HB,379
RO-1003,721,8,2018-05-01,RO,721
BX-1013,449,5,2018-04-21,BX,449
DB-1081,1499,6,2018-04-21,DB,1499
DB-1081,1499,4,2018-04-21,DB,1499
EB-1132,1900,4,2018-04-21,EB,1900
CB-1161,399,2,2018-04-21,CB,399
HB-1173,649,9,2018-04-21,HB,649
EB-1135,3000,8,2018-04-25,EB,3000
HB-1176,1199,1,2018-04-25,HB,1199
EB-1131,1500,4,2018-04-25,EB,1500
CB-1161,399,9,2018-04-25,CB,399
RO-1002,689,1,2018-04-25,RO,689
BX-1016,319,1,2018-04-29,BX,319
BX-1011,249,2,2018-04-29,BX,249
BX-1013,449,1,2018-04-29,BX,449
EB-1135,3000,3,2018-05-07,EB,3000
BX-1014,799,3,2018-05-08,BX,799
CB-1163,288,6,2018-05-08,CB,288
RC-1054,5499,9,2018-05-08,RC,5499
BX-1012,399,10,2018-05-08,BX,399
EB-1135,3000,4,2018-05-08,EB,3000
RC-1055,1999,10,2018-05-08,RC,1999
HB-1174,379,6,2018-05-08,HB,379
CB-1161,399,7,2018-05-08,CB,399
BX-1013,449,2,2018-05-08,BX,449
CC-1021,1144,2,2018-05-03,CC,1144
DB-1081,1499,10,2018-05-05,DB,1499
RO-1003,721,7,2018-05-05,RO,721
CB-1163,288,6,2018-05-05,CB,288
RC-1055,1999,8,2018-05-05,RC,1999
DB-1083,1199,5,2018-05-05,DB,1199
BX-1011,249,1,2018-05-05,BX,249
MB-1032,1299,8,2018-05-05,MB,1299
CC-1021,1144,5,2018-05-05,CC,1144
CB-1161,399,8,2018-05-18,CB,399
BX-1011,249,1,2018-05-18,BX,249
HB-1172,799,9,2018-05-18,HB,799
BX-1011,249,3,2018-05-18,BX,249
DB-1081,1499,8,2018-05-18,DB,1499
RC-1057,4999,5,2018-05-18,RC,4999
DB-1081,1499,10,2018-05-18,DB,1499
BX-1015,299,6,2018-05-18,BX,299
BX-1011,249,2,2018-05-18,BX,249
RC-1057,4999,2,2018-05-18,RC,4999
DB-1083,1199,4,2018-05-12,DB,1199
CB-1161,399,8,2018-05-12,CB,399
EB-1134,4800,8,2018-05-12,EB,4800
EB-1136,5000,2,2018-05-12,EB,5000
BX-1011,249,8,2018-05-11,BX,249
DB-1083,1199,5,2018-05-11,DB,1199
RC-1055,1999,7,2018-05-11,RC,1999
HB-1173,649,1,2018-05-31,HB,649
RC-1051,2499,6,2018-05-31,RC,2499
CB-1161,399,10,2018-05-27,CB,399
MB-1032,1299,6,2018-05-27,MB,1299
RC-1055,1999,6,2018-05-27,RC,1999
CC-1021,1144,3,2018-06-01,CC,1144
DB-1081,1499,5,2018-06-01,DB,1499
RC-1052,3999,5,2018-06-01,RC,3999
HB-1172,799,4,2018-06-01,HB,799
CC-1022,1200,3,2018-06-01,CC,1200
BX-1011,249,3,2018-05-18,BX,249
RC-1052,3999,3,2018-05-18,RC,3999
RC-1052,3999,1,2018-05-18,RC,3999
RC-1051,2499,2,2018-05-18,RC,2499
RC-1053,4599,10,2018-05-18,RC,4599
RO-1003,721,4,2018-05-18,RO,721
EB-1135,3000,4,2018-06-08,EB,3000
EB-1134,4800,8,2018-06-08,EB,4800
EB-1134,4800,4,2018-06-08,EB,4800
CB-1161,399,1,2018-06-08,CB,399
EB-1134,4800,5,2018-06-08,EB,4800
CB-1163,288,7,2018-06-08,CB,288
RO-1002,689,3,2018-06-08,RO,689
RO-1002,689,2,2018-05-28,RO,689
HB-1171,699,4,2018-05-28,HB,699
HB-1175,899,2,2018-05-28,HB,899
CB-1163,288,5,2018-05-28,CB,288
HB-1174,379,9,2018-05-28,HB,379
EB-1131,1500,7,2018-05-28,EB,1500
HB-1176,1199,2,2018-05-28,HB,1199
CC-1021,1144,5,2018-05-28,CC,1144
MB-1033,3999,3,2018-05-30,MB,3999
CB-1163,288,6,2018-05-30,CB,288
CB-1163,288,8,2018-05-30,CB,288
EB-1133,2250,9,2018-05-30,EB,2250
HB-1176,1199,1,2018-05-30,HB,1199
MB-1033,3999,4,2018-05-30,MB,3999
EB-1133,2250,5,2018-05-30,EB,2250
RC-1055,1999,9,2018-05-30,RC,1999
RO-1001,525,2,2018-06-04,RO,525
RC-1052,3999,5,2018-06-04,RC,3999
MB-1031,649,8,2018-06-04,MB,649
HB-1174,379,8,2018-06-04,HB,379
BX-1011,249,6,2018-06-04,BX,249
EB-1136,5000,4,2018-06-04,EB,5000
EB-1134,4800,2,2018-05-27,EB,4800
EB-1131,1500,7,2018-05-27,EB,1500
RC-1055,1999,5,2018-05-27,RC,1999
CB-1163,288,1,2018-05-27,CB,288
MB-1031,649,2,2018-05-27,MB,649
BX-1013,449,10,2018-05-27,BX,449
CB-1163,288,7,2018-05-27,CB,288
MB-1032,1299,4,2018-05-27,MB,1299
MB-1033,3999,3,2018-05-27,MB,3999
EB-1134,4800,5,2018-05-29,EB,4800
BX-1015,299,3,2018-05-29,BX,299
CC-1023,1361,4,2018-05-29,CC,1361
HB-1172,799,8,2018-05-29,HB,799
HB-1173,649,5,2018-05-29,HB,649
HB-1173,649,7,2018-05-29,HB,649
HB-1175,899,6,2018-05-29,HB,899
CB-1162,400,3,2018-05-29,CB,400
CB-1161,399,3,2018-05-29,CB,399
BX-1014,799,2,2018-06-20,BX,799
MB-1032,1299,5,2018-06-12,MB,1299
MB-1033,3999,7,2018-06-12,MB,3999
EB-1136,5000,6,2018-06-12,EB,5000
HB-1174,379,10,2018-06-12,HB,379
RC-1054,5499,8,2018-06-12,RC,5499
CC-1023,1361,4,2018-06-12,CC,1361
EB-1137,7900,5,2018-06-12,EB,7900
CB-1163,288,7,2018-06-22,CB,288
BX-1012,399,8,2018-06-22,BX,399
EB-1134,4800,6,2018-06-22,EB,4800
HB-1173,649,5,2018-06-22,HB,649
RC-1056,2499,1,2018-06-22,RC,2499
EB-1136,5000,7,2018-06-22,EB,5000
RC-1055,1999,6,2018-06-22,RC,1999
CC-1023,1361,7,2018-06-21,CC,1361
EB-1131,1500,8,2018-06-21,EB,1500
BX-1013,449,7,2018-06-21,BX,449
BX-1013,449,4,2018-06-21,BX,449
RC-1057,4999,7,2018-06-21,RC,4999
BX-1016,319,8,2018-06-21,BX,319
HB-1176,1199,3,2018-06-21,HB,1199
CC-1023,1361,9,2018-06-21,CC,1361
MB-1031,649,5,2018-06-06,MB,649
EB-1135,3000,8,2018-06-17,EB,3000
BX-1014,799,2,2018-06-17,BX,799
HB-1172,799,1,2018-06-17,HB,799
RO-1002,689,6,2018-06-17,RO,689
CC-1021,1144,10,2018-07-06,CC,1144
EB-1137,7900,5,2018-07-06,EB,7900
CC-1023,1361,6,2018-07-06,CC,1361
BX-1012,399,5,2018-07-06,BX,399
HB-1176,1199,10,2018-06-18,HB,1199
EB-1132,1900,9,2018-06-18,EB,1900
HB-1174,379,10,2018-06-18,HB,379
BX-1015,299,4,2018-06-18,BX,299
BX-1015,299,10,2018-06-18,BX,299
HB-1176,1199,10,2018-06-18,HB,1199
EB-1133,2250,5,2018-06-18,EB,2250
RC-1053,4599,9,2018-06-17,RC,4599
HB-1173,649,3,2018-06-17,HB,649
RO-1003,721,4,2018-06-17,RO,721
BX-1012,399,4,2018-06-17,BX,399
HB-1174,379,10,2018-06-17,HB,379
CC-1022,1200,7,2018-06-22,CC,1200
HB-1175,899,6,2018-06-22,HB,899
BX-1011,249,6,2018-06-22,BX,249
CB-1161,399,5,2018-06-22,CB,399
HB-1176,1199,3,2018-06-22,HB,1199
CB-1161,399,6,2018-07-09,CB,399
EB-1133,2250,3,2018-07-09,EB,2250
BX-1013,449,2,2018-07-09,BX,449
EB-1137,7900,7,2018-07-09,EB,7900
RC-1057,4999,8,2018-07-09,RC,4999
CB-1163,288,4,2018-07-09,CB,288
BX-1015,299,10,2018-07-09,BX,299
BX-1012,399,7,2018-07-09,BX,399
CC-1023,1361,8,2018-07-09,CC,1361
EB-1133,2250,2,2018-07-09,EB,2250
HB-1175,899,9,2018-06-21,HB,899
EB-1132,1900,10,2018-07-16,EB,1900
RC-1051,2499,2,2018-07-16,RC,2499
BX-1013,449,1,2018-07-16,BX,449
MB-1033,3999,3,2018-07-16,MB,3999
HB-1173,649,2,2018-07-16,HB,649
HB-1173,649,3,2018-07-16,HB,649
RC-1052,3999,7,2018-07-16,RC,3999
MB-1033,3999,9,2018-07-16,MB,3999
CC-1023,1361,8,2018-07-16,CC,1361
CC-1021,1144,1,2018-07-16,CC,1144
EB-1137,7900,6,2018-06-27,EB,7900
BX-1013,449,1,2018-06-27,BX,449
EB-1137,7900,2,2018-06-27,EB,7900
BX-1014,799,8,2018-06-27,BX,799
HB-1175,899,6,2018-06-27,HB,899
MB-1032,1299,10,2018-06-27,MB,1299
MB-1032,1299,7,2018-06-27,MB,1299
EB-1131,1500,10,2018-07-01,EB,1500
EB-1131,1500,3,2018-07-01,EB,1500
EB-1134,4800,4,2018-07-01,EB,4800
EB-1131,1500,10,2018-07-01,EB,1500
RC-1053,4599,3,2018-07-01,RC,4599
RC-1053,4599,6,2018-07-01,RC,4599
DB-1081,1499,5,2018-07-01,DB,1499
HB-1176,1199,3,2018-07-08,HB,1199
EB-1135,3000,6,2018-07-08,EB,3000
BX-1012,399,10,2018-07-08,BX,399
RC-1051,2499,1,2018-07-08,RC,2499
DB-1082,1250,8,2018-07-18,DB,1250
RO-1003,721,6,2018-07-18,RO,721
CB-1163,288,5,2018-07-18,CB,288
RO-1002,689,5,2018-07-18,RO,689
RC-1056,2499,9,2018-07-18,RC,2499
CC-1022,1200,4,2018-07-18,CC,1200
EB-1137,7900,1,2018-07-18,EB,7900
EB-1137,7900,1,2018-07-18,EB,7900
RC-1054,5499,6,2018-07-13,RC,5499
CC-1022,1200,5,2018-07-13,CC,1200
RC-1055,1999,8,2018-07-13,RC,1999
HB-1173,649,4,2018-07-13,HB,649
HB-1172,799,2,2018-07-13,HB,799
CC-1022,1200,6,2018-07-03,CC,1200
EB-1131,1500,6,2018-07-03,EB,1500
RC-1055,1999,5,2018-07-03,RC,1999
RC-1053,4599,9,2018-07-03,RC,4599
MB-1034,2499,1,2018-07-03,MB,2499
HB-1171,699,8,2018-07-03,HB,699
CB-1162,400,9,2018-07-03,CB,400
EB-1133,2250,2,2018-07-03,EB,2250
MB-1033,3999,5,2018-07-03,MB,3999
HB-1172,799,5,2018-07-08,HB,799
EB-1132,1900,9,2018-07-08,EB,1900
BX-1016,319,3,2018-07-08,BX,319
CB-1161,399,7,2018-07-08,CB,399
RC-1052,3999,1,2018-07-12,RC,3999
DB-1083,1199,6,2018-07-12,DB,1199
BX-1013,449,4,2018-07-12,BX,449
RO-1002,689,8,2018-07-09,RO,689
CC-1023,1361,10,2018-07-09,CC,1361
RC-1056,2499,4,2018-07-09,RC,2499
HB-1173,649,1,2018-07-20,HB,649
BX-1013,449,1,2018-07-20,BX,449
BX-1013,449,10,2018-07-20,BX,449
MB-1033,3999,7,2018-07-20,MB,3999
RO-1001,525,8,2018-07-20,RO,525
RC-1057,4999,2,2018-07-20,RC,4999
DB-1083,1199,2,2018-07-20,DB,1199
EB-1133,2250,2,2018-07-20,EB,2250
CC-1023,1361,8,2018-07-20,CC,1361
RC-1054,5499,4,2018-07-20,RC,5499
CC-1022,1200,8,2018-07-29,CC,1200
HB-1174,379,1,2018-07-29,HB,379
EB-1134,4800,7,2018-07-29,EB,4800
BX-1014,799,6,2018-07-29,BX,799
RC-1052,3999,4,2018-07-15,RC,3999
RO-1001,525,10,2018-07-15,RO,525
BX-1013,449,1,2018-07-15,BX,449
EB-1134,4800,5,2018-08-01,EB,4800
MB-1033,3999,10,2018-08-01,MB,3999
BX-1011,249,3,2018-08-01,BX,249
CC-1023,1361,1,2018-08-01,CC,1361
RO-1002,689,2,2018-08-01,RO,689
BX-1014,799,1,2018-08-01,BX,799
BX-1015,299,6,2018-08-01,BX,299
BX-1015,299,1,2018-08-01,BX,299
HB-1176,1199,8,2018-07-30,HB,1199
EB-1136,5000,4,2018-07-30,EB,5000
CB-1163,288,2,2018-07-30,CB,288
CB-1162,400,7,2018-07-30,CB,400
EB-1132,1900,10,2018-07-30,EB,1900
DB-1081,1499,10,2018-07-30,DB,1499
BX-1015,299,8,2018-07-30,BX,299
RC-1053,4599,1,2018-07-30,RC,4599
RC-1055,1999,6,2018-08-08,RC,1999
EB-1133,2250,2,2018-08-08,EB,2250
RC-1056,2499,10,2018-08-08,RC,2499
DB-1082,1250,6,2018-08-06,DB,1250
RC-1053,4599,9,2018-08-06,RC,4599
RO-1003,721,9,2018-08-06,RO,721
HB-1176,1199,7,2018-08-06,HB,1199
RC-1056,2499,9,2018-08-06,RC,2499
EB-1132,1900,3,2018-07-21,EB,1900
MB-1034,2499,9,2018-07-21,MB,2499
HB-1175,899,9,2018-07-19,HB,899
HB-1173,649,2,2018-07-19,HB,649
HB-1172,799,8,2018-07-19,HB,799
MB-1031,649,5,2018-07-19,MB,649
MB-1032,1299,1,2018-07-19,MB,1299
DB-1081,1499,3,2018-07-19,DB,1499
RC-1051,2499,4,2018-07-19,RC,2499
BX-1012,399,8,2018-07-19,BX,399
BX-1013,449,10,2018-07-19,BX,449
HB-1174,379,10,2018-08-11,HB,379
RC-1056,2499,8,2018-08-11,RC,2499
HB-1176,1199,6,2018-08-11,HB,1199
DB-1083,1199,7,2018-08-11,DB,1199
MB-1032,1299,3,2018-08-11,MB,1299
BX-1013,449,3,2018-08-07,BX,449
RC-1056,2499,10,2018-08-07,RC,2499
BX-1016,319,5,2018-08-03,BX,319
MB-1033,3999,2,2018-08-03,MB,3999
RC-1057,4999,7,2018-08-08,RC,4999
MB-1033,3999,2,2018-08-08,MB,3999
RC-1057,4999,8,2018-08-08,RC,4999
BX-1011,249,7,2018-08-08,BX,249
BX-1011,249,5,2018-08-08,BX,249
CB-1162,400,4,2018-08-08,CB,400
RO-1001,525,10,2018-08-08,RO,525
BX-1013,449,9,2018-08-08,BX,449
BX-1013,449,1,2018-08-08,BX,449
RC-1056,2499,5,2018-08-22,RC,2499
EB-1132,1900,8,2018-08-22,EB,1900
MB-1033,3999,5,2018-08-22,MB,3999
MB-1031,649,9,2018-08-22,MB,649
BX-1015,299,10,2018-08-22,BX,299
HB-1171,699,4,2018-08-22,HB,699
EB-1133,2250,10,2018-08-29,EB,2250
MB-1033,3999,1,2018-08-29,MB,3999
BX-1013,449,9,2018-08-29,BX,449
BX-1015,299,9,2018-08-29,BX,299
CB-1163,288,3,2018-08-29,CB,288
RC-1051,2499,8,2018-08-29,RC,2499
EB-1136,5000,8,2018-08-29,EB,5000
EB-1132,1900,5,2018-08-29,EB,1900
CC-1023,1361,2,2018-08-29,CC,1361
HB-1173,649,5,2018-08-29,HB,649
CC-1023,1361,7,2018-08-06,CC,1361
EB-1135,3000,7,2018-08-06,EB,3000
CB-1162,400,4,2018-08-06,CB,400
CC-1021,1144,8,2018-08-06,CC,1144
CB-1161,399,9,2018-08-08,CB,399
HB-1171,699,3,2018-08-08,HB,699
CB-1163,288,4,2018-08-08,CB,288
CC-1022,1200,6,2018-08-08,CC,1200
CC-1023,1361,1,2018-08-08,CC,1361
RO-1002,689,5,2018-08-08,RO,689
DB-1083,1199,8,2018-08-08,DB,1199
RC-1054,5499,2,2018-08-08,RC,5499
EB-1134,4800,2,2018-08-08,EB,4800
BX-1014,799,6,2018-08-08,BX,799
RO-1003,721,3,2018-07-31,RO,721
RC-1056,2499,6,2018-07-31,RC,2499
CC-1021,1144,4,2018-07-31,CC,1144
RO-1001,525,9,2018-07-31,RO,525
HB-1176,1199,5,2018-07-31,HB,1199
CB-1162,400,6,2018-07-31,CB,400
DB-1083,1199,9,2018-07-31,DB,1199
BX-1016,319,3,2018-07-31,BX,319
BX-1014,799,9,2018-08-28,BX,799
CC-1021,1144,4,2018-08-09,CC,1144
RO-1001,525,8,2018-08-09,RO,525
RC-1057,4999,7,2018-08-09,RC,4999
CC-1022,1200,6,2018-08-09,CC,1200
BX-1011,249,8,2018-08-09,BX,249
RC-1053,4599,6,2018-08-09,RC,4599
BX-1011,249,1,2018-08-09,BX,249
HB-1173,649,6,2018-08-09,HB,649
MB-1033,3999,3,2018-08-09,MB,3999
RO-1001,525,1,2018-09-02,RO,525
MB-1034,2499,5,2018-09-02,MB,2499
BX-1013,449,10,2018-09-02,BX,449
RC-1052,3999,10,2018-08-20,RC,3999
HB-1172,799,9,2018-08-20,HB,799
MB-1033,3999,2,2018-08-20,MB,3999
RO-1003,721,7,2018-08-10,RO,721
DB-1081,1499,3,2018-08-10,DB,1499
DB-1081,1499,3,2018-08-10,DB,1499
EB-1135,3000,6,2018-08-10,EB,3000
HB-1174,379,7,2018-08-10,HB,379
CC-1022,1200,8,2018-08-10,CC,1200
RC-1051,2499,8,2018-08-22,RC,2499
DB-1082,1250,1,2018-08-22,DB,1250
RO-1002,689,5,2018-08-22,RO,689
EB-1135,3000,10,2018-08-22,EB,3000
RC-1057,4999,3,2018-08-22,RC,4999
BX-1013,449,8,2018-08-22,BX,449
BX-1016,319,2,2018-08-22,BX,319
BX-1015,299,3,2018-08-22,BX,299
RC-1055,1999,6,2018-08-22,RC,1999
MB-1032,1299,7,2018-08-23,MB,1299
BX-1014,799,7,2018-08-23,BX,799
BX-1013,449,8,2018-08-23,BX,449
BX-1012,399,4,2018-08-23,BX,399
BX-1015,299,1,2018-08-23,BX,299
MB-1034,2499,4,2018-08-23,MB,2499
HB-1172,799,2,2018-08-23,HB,799
RC-1055,1999,4,2018-08-23,RC,1999
CC-1023,1361,10,2018-08-23,CC,1361
EB-1133,2250,1,2018-08-23,EB,2250
RC-1054,5499,6,2018-09-11,RC,5499
RC-1054,5499,4,2018-09-11,RC,5499
EB-1134,4800,7,2018-08-29,EB,4800
RC-1056,2499,3,2018-08-29,RC,2499
MB-1033,3999,6,2018-08-29,MB,3999
CB-1163,288,10,2018-08-24,CB,288
BX-1011,249,8,2018-08-24,BX,249
EB-1134,4800,2,2018-08-24,EB,4800
RC-1055,1999,8,2018-08-24,RC,1999
RC-1057,4999,10,2018-09-03,RC,4999
BX-1013,449,7,2018-09-03,BX,449
RC-1052,3999,7,2018-09-03,RC,3999
CB-1161,399,3,2018-09-03,CB,399
RC-1057,4999,2,2018-09-03,RC,4999
EB-1135,3000,5,2018-09-03,EB,3000
DB-1082,1250,5,2018-09-02,DB,1250
RO-1003,721,10,2018-09-02,RO,721
BX-1013,449,3,2018-09-02,BX,449
RC-1054,5499,10,2018-08-29,RC,5499
CC-1021,1144,3,2018-08-29,CC,1144
EB-1134,4800,3,2018-08-29,EB,4800
BX-1016,319,9,2018-08-29,BX,319
HB-1173,649,4,2018-09-13,HB,649
BX-1013,449,4,2018-09-13,BX,449
MB-1034,2499,5,2018-09-09,MB,2499
MB-1031,649,3,2018-09-17,MB,649
BX-1015,299,4,2018-09-17,BX,299
BX-1013,449,1,2018-09-17,BX,449
RC-1056,2499,7,2018-09-17,RC,2499
MB-1031,649,8,2018-09-17,MB,649
CC-1023,1361,10,2018-09-17,CC,1361
HB-1172,799,8,2018-09-17,HB,799
EB-1131,1500,3,2018-09-17,EB,1500
CC-1023,1361,5,2018-09-17,CC,1361
EB-1135,3000,3,2018-09-17,EB,3000
RC-1055,1999,2,2018-09-08,RC,1999
RC-1051,2499,7,2018-09-08,RC,2499
BX-1014,799,1,2018-09-08,BX,799
EB-1132,1900,8,2018-09-08,EB,1900
CB-1163,288,7,2018-09-08,CB,288
RC-1053,4599,7,2018-09-08,RC,4599
RC-1053,4599,8,2018-09-20,RC,4599
RC-1052,3999,1,2018-09-20,RC,3999
RO-1003,721,1,2018-09-20,RO,721
RC-1057,4999,6,2018-09-20,RC,4999
RC-1055,1999,5,2018-09-20,RC,1999
HB-1172,799,2,2018-09-30,HB,799
BX-1012,399,1,2018-09-30,BX,399
BX-1016,319,4,2018-09-30,BX,319
CC-1022,1200,3,2018-09-30,CC,1200
EB-1136,5000,8,2018-09-30,EB,5000
HB-1176,1199,7,2018-09-30,HB,1199
CB-1163,288,8,2018-09-21,CB,288
HB-1174,379,1,2018-09-21,HB,379
RC-1052,3999,2,2018-09-21,RC,3999
DB-1081,1499,8,2018-09-21,DB,1499
HB-1171,699,1,2018-09-21,HB,699
DB-1082,1250,2,2018-09-21,DB,1250
RO-1003,721,3,2018-09-21,RO,721
BX-1012,399,7,2018-09-21,BX,399
BX-1013,449,10,2018-09-21,BX,449
BX-1015,299,9,2018-09-20,BX,299
DB-1081,1499,4,2018-09-20,DB,1499
MB-1033,3999,1,2018-09-20,MB,3999
BX-1015,299,2,2018-09-20,BX,299
EB-1131,1500,3,2018-09-20,EB,1500
CC-1022,1200,8,2018-09-20,CC,1200
MB-1031,649,7,2018-09-20,MB,649
MB-1033,3999,3,2018-09-20,MB,3999
RC-1051,2499,6,2018-09-14,RC,2499
EB-1134,4800,1,2018-09-14,EB,4800
DB-1081,1499,5,2018-09-14,DB,1499
DB-1082,1250,10,2018-09-14,DB,1250
EB-1131,1500,6,2018-09-14,EB,1500
EB-1133,2250,10,2018-09-14,EB,2250
HB-1176,1199,2,2018-09-27,HB,1199
CB-1162,400,7,2018-09-27,CB,400
EB-1134,4800,3,2018-09-27,EB,4800
MB-1034,2499,5,2018-09-27,MB,2499
EB-1137,7900,8,2018-10-07,EB,7900
RO-1003,721,10,2018-10-07,RO,721
BX-1013,449,5,2018-10-07,BX,449
RC-1052,3999,10,2018-10-07,RC,3999
EB-1137,7900,8,2018-10-07,EB,7900
EB-1131,1500,8,2018-10-07,EB,1500
HB-1174,379,2,2018-10-07,HB,379
BX-1011,249,9,2018-10-07,BX,249
BX-1013,449,7,2018-10-07,BX,449
DB-1083,1199,5,2018-09-06,DB,1199
RC-1053,4599,10,2018-09-06,RC,4599
CC-1023,1361,2,2018-09-26,CC,1361
DB-1083,1199,8,2018-09-26,DB,1199
DB-1081,1499,8,2018-09-26,DB,1499
DB-1082,1250,1,2018-09-26,DB,1250
CC-1021,1144,1,2018-09-26,CC,1144
BX-1014,799,3,2018-09-26,BX,799
CB-1161,399,10,2018-10-07,CB,399
RC-1053,4599,6,2018-10-07,RC,4599
CC-1021,1144,6,2018-10-07,CC,1144
CB-1161,399,1,2018-10-07,CB,399
EB-1137,7900,9,2018-10-07,EB,7900
EB-1131,1500,4,2018-10-09,EB,1500
MB-1033,3999,2,2018-10-09,MB,3999
RC-1055,1999,2,2018-10-09,RC,1999
MB-1034,2499,5,2018-10-09,MB,2499
HB-1176,1199,3,2018-10-09,HB,1199
EB-1136,5000,8,2018-10-09,EB,5000
BX-1012,399,6,2018-10-09,BX,399
CB-1163,288,8,2018-10-09,CB,288
MB-1033,3999,8,2018-10-09,MB,3999
DB-1081,1499,9,2018-10-10,DB,1499
MB-1031,649,2,2018-10-10,MB,649
RC-1054,5499,9,2018-10-10,RC,5499
CB-1163,288,6,2018-10-10,CB,288
HB-1174,379,4,2018-10-10,HB,379
RO-1001,525,7,2018-10-10,RO,525
EB-1132,1900,5,2018-10-10,EB,1900
EB-1131,1500,2,2018-10-10,EB,1500
BX-1015,299,10,2018-10-10,BX,299
DB-1081,1499,5,2018-10-06,DB,1499
RC-1057,4999,2,2018-10-06,RC,4999
DB-1083,1199,2,2018-10-16,DB,1199
RO-1003,721,5,2018-10-16,RO,721
DB-1081,1499,2,2018-10-14,DB,1499
EB-1136,5000,4,2018-10-14,EB,5000
CC-1023,1361,6,2018-10-14,CC,1361
BX-1013,449,5,2018-10-14,BX,449
EB-1137,7900,9,2018-10-14,EB,7900
RC-1051,2499,9,2018-10-14,RC,2499
RC-1055,1999,4,2018-10-14,RC,1999
RC-1053,4599,1,2018-10-14,RC,4599
HB-1173,649,7,2018-10-14,HB,649
DB-1083,1199,6,2018-10-14,DB,1199
MB-1032,1299,3,2018-10-14,MB,1299
RO-1001,525,3,2018-10-14,RO,525
MB-1033,3999,2,2018-10-14,MB,3999
BX-1013,449,9,2018-10-04,BX,449
EB-1134,4800,2,2018-10-04,EB,4800
EB-1134,4800,4,2018-10-04,EB,4800
HB-1175,899,3,2018-10-04,HB,899
BX-1012,399,2,2018-10-04,BX,399
BX-1011,249,10,2018-10-04,BX,249
HB-1175,899,10,2018-10-04,HB,899
BX-1015,299,10,2018-10-16,BX,299
HB-1172,799,4,2018-10-16,HB,799
CB-1162,400,1,2018-10-16,CB,400
HB-1174,379,4,2018-10-16,HB,379
MB-1034,2499,2,2018-10-16,MB,2499
RO-1001,525,10,2018-10-16,RO,525
CC-1023,1361,7,2018-10-16,CC,1361
RC-1054,5499,5,2018-10-16,RC,5499
BX-1015,299,3,2018-10-06,BX,299
HB-1173,649,1,2018-10-06,HB,649
RC-1056,2499,10,2018-10-06,RC,2499
DB-1083,1199,10,2018-10-06,DB,1199
EB-1135,3000,10,2018-10-06,EB,3000
CB-1163,288,4,2018-10-06,CB,288
CB-1162,400,7,2018-10-06,CB,400
CC-1021,1144,7,2018-10-06,CC,1144
BX-1013,449,3,2018-10-06,BX,449
RC-1053,4599,10,2018-10-13,RC,4599
BX-1016,319,6,2018-10-13,BX,319
HB-1171,699,1,2018-10-13,HB,699
HB-1171,699,1,2018-10-13,HB,699
HB-1174,379,6,2018-10-13,HB,379
RC-1055,1999,6,2018-10-23,RC,1999
EB-1136,5000,5,2018-10-23,EB,5000
BX-1013,449,3,2018-10-23,BX,449
RC-1057,4999,6,2018-10-23,RC,4999
HB-1176,1199,5,2018-10-23,HB,1199
HB-1176,1199,7,2018-10-23,HB,1199
HB-1171,699,2,2018-10-23,HB,699
EB-1133,2250,7,2018-10-23,EB,2250
HB-1175,899,6,2018-10-17,HB,899
HB-1175,899,9,2018-10-17,HB,899
HB-1174,379,2,2018-10-17,HB,379
BX-1014,799,2,2018-10-17,BX,799
RO-1002,689,10,2018-10-17,RO,689
CB-1161,399,6,2018-10-17,CB,399
DB-1082,1250,4,2018-10-17,DB,1250
BX-1014,799,7,2018-10-17,BX,799
HB-1175,899,9,2018-10-17,HB,899
MB-1031,649,6,2018-10-17,MB,649
MB-1034,2499,6,2018-10-15,MB,2499
EB-1132,1900,9,2018-10-15,EB,1900
BX-1013,449,4,2018-10-15,BX,449
RO-1001,525,6,2018-11-03,RO,525
RC-1054,5499,3,2018-11-03,RC,5499
HB-1174,379,4,2018-11-03,HB,379
HB-1171,699,1,2018-11-03,HB,699
CB-1161,399,9,2018-10-26,CB,399
RC-1051,2499,9,2018-10-26,RC,2499
DB-1081,1499,7,2018-10-26,DB,1499
EB-1135,3000,3,2018-10-26,EB,3000
RC-1053,4599,1,2018-10-26,RC,4599
MB-1032,1299,8,2018-10-26,MB,1299
HB-1174,379,7,2018-10-13,HB,379
HB-1174,379,5,2018-10-13,HB,379
MB-1033,3999,9,2018-10-13,MB,3999
MB-1033,3999,6,2018-10-23,MB,3999
RC-1051,2499,6,2018-10-23,RC,2499
CB-1163,288,10,2018-10-23,CB,288
RC-1055,1999,10,2018-10-23,RC,1999
EB-1134,4800,4,2018-10-23,EB,4800
BX-1015,299,5,2018-10-23,BX,299
CC-1021,1144,6,2018-10-23,CC,1144
BX-1014,799,1,2018-10-23,BX,799
EB-1137,7900,2,2018-10-10,EB,7900
MB-1032,1299,3,2018-10-10,MB,1299
RC-1055,1999,1,2018-10-10,RC,1999
CB-1162,400,2,2018-10-10,CB,400
EB-1131,1500,5,2018-10-10,EB,1500
RC-1053,4599,3,2018-10-10,RC,4599
DB-1082,1250,1,2018-10-10,DB,1250
BX-1015,299,9,2018-10-13,BX,299
RC-1051,2499,8,2018-10-13,RC,2499
MB-1034,2499,2,2018-10-13,MB,2499
BX-1015,299,2,2018-10-13,BX,299
EB-1135,3000,9,2018-10-13,EB,3000
EB-1137,7900,5,2018-10-13,EB,7900
MB-1031,649,7,2018-10-13,MB,649
DB-1083,1199,8,2018-10-13,DB,1199
BX-1013,449,2,2018-10-13,BX,449
EB-1131,1500,9,2018-10-20,EB,1500
EB-1132,1900,2,2018-10-20,EB,1900
CB-1161,399,9,2018-10-20,CB,399
MB-1033,3999,4,2018-10-20,MB,3999
CC-1022,1200,9,2018-10-20,CC,1200
EB-1136,5000,3,2018-10-20,EB,5000
HB-1175,899,4,2018-11-13,HB,899
RO-1001,525,10,2018-11-13,RO,525
RC-1055,1999,1,2018-11-13,RC,1999
BX-1015,299,9,2018-11-13,BX,299
BX-1015,299,2,2018-11-13,BX,299
CB-1163,288,9,2018-11-13,CB,288
RO-1001,525,9,2018-11-13,RO,525
DB-1082,1250,9,2018-11-13,DB,1250
MB-1033,3999,10,2018-11-13,MB,3999
RO-1003,721,4,2018-10-31,RO,721
DB-1083,1199,10,2018-10-31,DB,1199
CC-1023,1361,10,2018-11-08,CC,1361
HB-1175,899,7,2018-11-08,HB,899
BX-1013,449,6,2018-11-08,BX,449
MB-1032,1299,5,2018-11-08,MB,1299
RO-1001,525,10,2018-11-08,RO,525
MB-1031,649,7,2018-11-08,MB,649
CB-1162,400,2,2018-11-08,CB,400
EB-1131,1500,7,2018-11-08,EB,1500
CC-1023,1361,9,2018-11-08,CC,1361
RC-1055,1999,1,2018-11-08,RC,1999
CC-1023,1361,7,2018-11-06,CC,1361
EB-1132,1900,10,2018-11-06,EB,1900
MB-1034,2499,3,2018-11-06,MB,2499
HB-1172,799,8,2018-11-06,HB,799
HB-1171,699,9,2018-11-06,HB,699
CC-1021,1144,6,2018-11-06,CC,1144
DB-1081,1499,4,2018-11-06,DB,1499
EB-1135,3000,2,2018-11-06,EB,3000
BX-1011,249,2,2018-11-06,BX,249
CB-1162,400,3,2018-11-06,CB,400
BX-1011,249,1,2018-10-28,BX,249
RC-1057,4999,10,2018-10-28,RC,4999
BX-1013,449,10,2018-10-28,BX,449
DB-1081,1499,1,2018-10-28,DB,1499
EB-1137,7900,1,2018-10-28,EB,7900
BX-1014,799,10,2018-10-28,BX,799
MB-1034,2499,5,2018-10-28,MB,2499
RO-1003,721,10,2018-10-28,RO,721
CC-1023,1361,9,2018-10-28,CC,1361
RC-1055,1999,10,2018-10-28,RC,1999
BX-1016,319,9,2018-11-14,BX,319
BX-1014,799,4,2018-11-14,BX,799
EB-1134,4800,10,2018-11-14,EB,4800
RC-1052,3999,4,2018-11-14,RC,3999
RC-1056,2499,10,2018-11-14,RC,2499
CB-1161,399,2,2018-11-14,CB,399
EB-1134,4800,1,2018-11-14,EB,4800
EB-1135,3000,9,2018-11-14,EB,3000
CC-1023,1361,4,2018-11-14,CC,1361
EB-1136,5000,8,2018-11-14,EB,5000
CC-1021,1144,5,2018-11-14,CC,1144
EB-1132,1900,7,2018-11-10,EB,1900
HB-1171,699,6,2018-11-10,HB,699
DB-1082,1250,10,2018-11-10,DB,1250
BX-1011,249,10,2018-11-10,BX,249
RC-1052,3999,5,2018-11-10,RC,3999
MB-1033,3999,8,2018-11-10,MB,3999
HB-1173,649,9,2018-11-10,HB,649
EB-1132,1900,5,2018-11-10,EB,1900
RO-1001,525,8,2018-11-10,RO,525
BX-1013,449,3,2018-11-10,BX,449
MB-1033,3999,7,2018-11-07,MB,3999
RC-1055,1999,4,2018-11-07,RC,1999
CC-1023,1361,3,2018-11-07,CC,1361
RC-1057,4999,8,2018-11-07,RC,4999
BX-1011,249,7,2018-11-03,BX,249
CC-1023,1361,8,2018-11-03,CC,1361
EB-1137,7900,5,2018-11-03,EB,7900
CB-1161,399,1,2018-11-26,CB,399
DB-1083,1199,6,2018-11-26,DB,1199
EB-1134,4800,9,2018-11-26,EB,4800
RO-1001,525,7,2018-11-26,RO,525
HB-1176,1199,5,2018-11-11,HB,1199
MB-1031,649,6,2018-11-11,MB,649
RC-1054,5499,2,2018-11-16,RC,5499
RC-1056,2499,7,2018-11-16,RC,2499
BX-1013,449,2,2018-11-16,BX,449
MB-1034,2499,8,2018-11-26,MB,2499
EB-1133,2250,3,2018-11-26,EB,2250
BX-1016,319,6,2018-11-26,BX,319
HB-1173,649,3,2018-11-26,HB,649
EB-1135,3000,5,2018-11-26,EB,3000
HB-1173,649,6,2018-11-26,HB,649
DB-1083,1199,8,2018-11-26,DB,1199
MB-1031,649,3,2018-12-03,MB,649
EB-1134,4800,9,2018-12-03,EB,4800
RC-1055,1999,6,2018-12-03,RC,1999
BX-1015,299,2,2018-12-03,BX,299
RC-1052,3999,3,2018-12-03,RC,3999
HB-1173,649,4,2018-12-03,HB,649
CB-1161,399,1,2018-12-03,CB,399
EB-1133,2250,7,2018-12-03,EB,2250
MB-1033,3999,6,2018-12-03,MB,3999
CC-1021,1144,2,2018-12-07,CC,1144
BX-1012,399,1,2018-12-07,BX,399
DB-1081,1499,8,2018-12-07,DB,1499
RC-1054,5499,10,2018-12-07,RC,5499
EB-1134,4800,1,2018-12-07,EB,4800
HB-1173,649,4,2018-12-07,HB,649
MB-1034,2499,8,2018-11-13,MB,2499
DB-1083,1199,3,2018-11-13,DB,1199
HB-1175,899,8,2018-12-05,HB,899
EB-1137,7900,7,2018-12-05,EB,7900
EB-1134,4800,8,2018-12-05,EB,4800
HB-1176,1199,9,2018-12-05,HB,1199
BX-1013,449,2,2018-12-05,BX,449
CC-1022,1200,8,2018-12-05,CC,1200
BX-1013,449,9,2018-12-05,BX,449
BX-1011,249,5,2018-12-11,BX,249
HB-1173,649,3,2018-11-24,HB,649
BX-1011,249,1,2018-11-24,BX,249
EB-1134,4800,5,2018-11-24,EB,4800
EB-1134,4800,7,2018-11-24,EB,4800
RC-1052,3999,10,2018-11-25,RC,3999
BX-1011,249,2,2018-11-25,BX,249
BX-1014,799,3,2018-11-25,BX,799
CB-1163,288,7,2018-11-25,CB,288
HB-1175,899,2,2018-11-25,HB,899
HB-1171,699,4,2018-11-25,HB,699
EB-1137,7900,8,2018-11-25,EB,7900
BX-1013,449,8,2018-11-25,BX,449
RC-1057,4999,7,2018-11-25,RC,4999
BX-1015,299,9,2018-11-25,BX,299
DB-1082,1250,8,2018-12-14,DB,1250
BX-1011,249,7,2018-12-14,BX,249
EB-1134,4800,9,2018-12-14,EB,4800
RC-1055,1999,7,2018-12-14,RC,1999
RC-1057,4999,8,2018-12-14,RC,4999
BX-1015,299,7,2018-12-14,BX,299
HB-1175,899,1,2018-12-14,HB,899
HB-1171,699,10,2018-12-14,HB,699
BX-1013,449,4,2018-12-14,BX,449
RC-1053,4599,1,2018-12-03,RC,4599
RC-1055,1999,6,2018-12-03,RC,1999
EB-1132,1900,2,2018-12-03,EB,1900
BX-1016,319,7,2018-12-03,BX,319
EB-1131,1500,2,2018-12-03,EB,1500
MB-1031,649,5,2018-12-03,MB,649
HB-1172,799,1,2018-11-26,HB,799
RO-1003,721,5,2018-11-26,RO,721
CB-1163,288,4,2018-11-26,CB,288
RC-1052,3999,9,2018-11-26,RC,3999
RO-1002,689,3,2018-11-26,RO,689
CB-1162,400,2,2018-11-26,CB,400
CC-1023,1361,9,2018-11-26,CC,1361
EB-1137,7900,8,2018-11-26,EB,7900
RC-1052,3999,4,2018-12-11,RC,3999
EB-1137,7900,1,2018-12-11,EB,7900
RC-1052,3999,6,2018-12-11,RC,3999
EB-1134,4800,3,2018-12-11,EB,4800
DB-1082,1250,10,2018-12-11,DB,1250
EB-1136,5000,6,2018-12-11,EB,5000
EB-1131,1500,3,2018-11-30,EB,1500
RC-1056,2499,2,2018-11-30,RC,2499
CB-1163,288,1,2018-11-30,CB,288
BX-1016,319,1,2018-11-30,BX,319
RC-1057,4999,3,2018-11-30,RC,4999
RC-1056,2499,7,2018-11-30,RC,2499
BX-1014,799,4,2018-11-30,BX,799
EB-1136,5000,1,2018-11-30,EB,5000
RC-1051,2499,5,2018-11-30,RC,2499
HB-1171,699,6,2018-11-30,HB,699
DB-1083,1199,5,2018-11-30,DB,1199
HB-1175,899,8,2018-11-30,HB,899
EB-1134,4800,3,2018-11-30,EB,4800
MB-1034,2499,10,2018-12-07,MB,2499
EB-1136,5000,10,2018-12-07,EB,5000
EB-1134,4800,10,2018-12-07,EB,4800
RC-1054,5499,7,2018-12-07,RC,5499
MB-1033,3999,1,2018-12-07,MB,3999
BX-1016,319,5,2018-12-07,BX,319
MB-1031,649,10,2018-12-07,MB,649
MB-1032,1299,6,2018-12-04,MB,1299
EB-1136,5000,3,2018-12-15,EB,5000
DB-1082,1250,7,2018-12-15,DB,1250
BX-1013,449,3,2018-12-15,BX,449
RO-1003,721,7,2018-12-15,RO,721
HB-1174,379,7,2018-12-15,HB,379
MB-1033,3999,7,2018-12-15,MB,3999
EB-1136,5000,8,2018-12-15,EB,5000
CB-1161,399,10,2018-12-15,CB,399
BX-1012,399,2,2018-11-27,BX,399
DB-1082,1250,1,2018-11-27,DB,1250
DB-1083,1199,7,2018-11-27,DB,1199
CC-1022,1200,7,2018-11-27,CC,1200
BX-1015,299,4,2018-12-14,BX,299
HB-1172,799,3,2018-12-14,HB,799
BX-1013,449,10,2018-12-14,BX,449
RC-1055,1999,1,2018-12-14,RC,1999
RC-1056,2499,5,2018-12-14,RC,2499
BX-1012,399,5,2018-12-14,BX,399
DB-1082,1250,3,2018-12-14,DB,1250
CB-1163,288,6,2018-12-14,CB,288
CC-1023,1361,5,2018-12-14,CC,1361
CB-1163,288,4,2018-12-14,CB,288
HB-1174,379,3,2018-12-08,HB,379
HB-1173,649,9,2018-12-08,HB,649
EB-1134,4800,7,2018-12-08,EB,4800
CB-1163,288,5,2018-12-08,CB,288
EB-1134,4800,8,2018-12-08,EB,4800
BX-1013,449,1,2018-12-08,BX,449
MB-1032,1299,1,2018-12-08,MB,1299
RC-1052,3999,5,2018-12-03,RC,3999
MB-1032,1299,7,2018-12-03,MB,1299
CC-1023,1361,10,2018-12-03,CC,1361
EB-1132,1900,7,2018-12-03,EB,1900
EB-1131,1500,1,2018-12-04,EB,1500
CB-1161,399,6,2018-12-04,CB,399
RC-1055,1999,3,2018-12-04,RC,1999
BX-1013,449,1,2018-12-04,BX,449
EB-1135,3000,1,2018-12-04,EB,3000
EB-1131,1500,7,2018-12-04,EB,1500
CB-1161,399,9,2018-12-04,CB,399
BX-1013,449,8,2018-12-04,BX,449
MB-1033,3999,10,2018-12-04,MB,3999
CB-1163,288,6,2018-12-19,CB,288
RC-1051,2499,7,2018-12-19,RC,2499
CC-1023,1361,9,2018-12-19,CC,1361
MB-1034,2499,6,2018-12-19,MB,2499
RO-1003,721,6,2019-01-02,RO,721
RO-1001,525,5,2019-01-02,RO,525
HB-1175,899,1,2018-12-17,HB,899
BX-1016,319,3,2018-12-17,BX,319
BX-1013,449,3,2018-12-17,BX,449
BX-1015,299,9,2018-12-15,BX,299
MB-1032,1299,1,2018-12-15,MB,1299
BX-1011,249,3,2018-12-27,BX,249
BX-1014,799,10,2018-12-27,BX,799
BX-1015,299,9,2018-12-23,BX,299
RO-1003,721,2,2018-12-23,RO,721
CB-1162,400,9,2018-12-23,CB,400
EB-1131,1500,8,2018-12-23,EB,1500
RO-1003,721,2,2018-12-23,RO,721
BX-1016,319,5,2018-12-23,BX,319
HB-1171,699,7,2018-12-23,HB,699
BX-1011,249,2,2018-12-23,BX,249
CC-1021,1144,7,2019-01-01,CC,1144
EB-1137,7900,10,2019-01-01,EB,7900
RC-1052,3999,5,2019-01-01,RC,3999
MB-1033,3999,8,2019-01-01,MB,3999
HB-1173,649,2,2019-01-01,HB,649
RC-1054,5499,4,2019-01-14,RC,5499
EB-1134,4800,4,2019-01-14,EB,4800
RC-1055,1999,10,2019-01-14,RC,1999
HB-1175,899,5,2019-01-14,HB,899
DB-1083,1199,3,2019-01-14,DB,1199
CB-1163,288,5,2019-01-14,CB,288
BX-1014,799,5,2019-01-14,BX,799
RC-1056,2499,3,2019-01-14,RC,2499
HB-1176,1199,7,2019-01-15,HB,1199
EB-1136,5000,3,2018-12-21,EB,5000
EB-1131,1500,8,2018-12-21,EB,1500
EB-1137,7900,3,2018-12-21,EB,7900
EB-1131,1500,7,2018-12-21,EB,1500
DB-1082,1250,4,2018-12-21,DB,1250
RO-1002,689,4,2018-12-21,RO,689
MB-1034,2499,1,2018-12-21,MB,2499
CB-1163,288,1,2018-12-27,CB,288
RC-1057,4999,8,2018-12-27,RC,4999
BX-1013,449,9,2018-12-27,BX,449
DB-1083,1199,1,2018-12-27,DB,1199
CB-1163,288,8,2018-12-27,CB,288
RC-1056,2499,4,2018-12-27,RC,2499
BX-1012,399,9,2018-12-27,BX,399
RO-1001,525,10,2018-12-27,RO,525
CC-1023,1361,7,2018-12-27,CC,1361
BX-1013,449,7,2018-12-27,BX,449
DB-1081,1499,4,2019-01-08,DB,1499
CB-1161,399,4,2018-12-28,CB,399
RC-1056,2499,8,2018-12-28,RC,2499
EB-1134,4800,8,2018-12-28,EB,4800
HB-1172,799,6,2018-12-28,HB,799
BX-1014,799,1,2018-12-28,BX,799
BX-1015,299,4,2018-12-28,BX,299
CC-1021,1144,2,2018-12-28,CC,1144
CC-1021,1144,3,2018-12-23,CC,1144
CC-1021,1144,9,2018-12-23,CC,1144
BX-1012,399,5,2019-01-08,BX,399
HB-1171,699,8,2019-01-08,HB,699
MB-1033,3999,7,2019-01-08,MB,3999
RC-1054,5499,4,2019-01-21,RC,5499
DB-1083,1199,4,2019-01-21,DB,1199
CB-1163,288,7,2019-01-21,CB,288
BX-1015,299,9,2019-01-21,BX,299
DB-1082,1250,5,2019-01-17,DB,1250
MB-1032,1299,5,2019-01-17,MB,1299
RC-1055,1999,4,2019-01-17,RC,1999
RC-1053,4599,8,2019-01-17,RC,4599
EB-1132,1900,9,2019-01-17,EB,1900
RO-1002,689,2,2019-01-17,RO,689
BX-1011,249,6,2019-01-17,BX,249
HB-1171,699,4,2019-01-17,HB,699
BX-1013,449,4,2019-01-17,BX,449
BX-1015,299,6,2019-01-18,BX,299
CB-1161,399,5,2019-01-18,CB,399
BX-1015,299,6,2019-01-18,BX,299
EB-1133,2250,10,2019-01-18,EB,2250
MB-1032,1299,5,2019-01-18,MB,1299
RC-1056,2499,5,2019-01-18,RC,2499
HB-1176,1199,9,2019-01-18,HB,1199
DB-1081,1499,3,2018-12-26,DB,1499
DB-1083,1199,10,2018-12-26,DB,1199
DB-1081,1499,7,2018-12-26,DB,1499
CB-1161,399,10,2018-12-26,CB,399
RC-1056,2499,3,2018-12-26,RC,2499
HB-1174,379,8,2018-12-26,HB,379
RC-1057,4999,5,2019-01-22,RC,4999
HB-1175,899,6,2019-01-22,HB,899
EB-1137,7900,5,2019-01-22,EB,7900
EB-1131,1500,8,2019-01-22,EB,1500
RC-1057,4999,8,2019-01-22,RC,4999
DB-1081,1499,2,2019-01-22,DB,1499
EB-1131,1500,2,2019-01-22,EB,1500
RC-1052,3999,5,2019-01-02,RC,3999
RO-1002,689,9,2019-01-02,RO,689
RC-1052,3999,7,2019-01-02,RC,3999
EB-1137,7900,10,2019-01-02,EB,7900
HB-1174,379,3,2019-01-02,HB,379
CC-1021,1144,3,2019-01-22,CC,1144
RC-1051,2499,4,2019-01-22,RC,2499
EB-1132,1900,7,2019-01-22,EB,1900
HB-1174,379,10,2019-01-22,HB,379
BX-1014,799,9,2019-01-22,BX,799
EB-1133,2250,9,2019-01-22,EB,2250
HB-1176,1199,4,2019-01-22,HB,1199
EB-1131,1500,3,2019-01-18,EB,1500
BX-1011,249,2,2019-01-18,BX,249
DB-1081,1499,10,2019-01-18,DB,1499
HB-1172,799,7,2019-01-18,HB,799
EB-1137,7900,6,2019-01-18,EB,7900
HB-1175,899,1,2019-01-18,HB,899
RO-1003,721,7,2019-01-03,RO,721
EB-1136,5000,3,2019-01-03,EB,5000
DB-1083,1199,6,2019-01-03,DB,1199
EB-1136,5000,6,2019-01-03,EB,5000
BX-1011,249,5,2019-01-03,BX,249
HB-1172,799,6,2019-01-03,HB,799
RO-1001,525,9,2019-01-03,RO,525
RC-1051,2499,10,2019-01-03,RC,2499
EB-1135,3000,3,2019-01-09,EB,3000
BX-1015,299,2,2019-01-09,BX,299
EB-1137,7900,4,2019-01-09,EB,7900
CB-1163,288,8,2019-01-09,CB,288
BX-1016,319,7,2019-01-09,BX,319
CB-1163,288,7,2019-01-09,CB,288
RC-1055,1999,8,2019-01-09,RC,1999
RO-1001,525,9,2019-01-02,RO,525
BX-1011,249,10,2019-01-02,BX,249
BX-1016,319,9,2019-01-02,BX,319
HB-1172,799,7,2019-01-02,HB,799
EB-1132,1900,8,2019-01-02,EB,1900
MB-1032,1299,3,2019-01-02,MB,1299
CB-1162,400,5,2019-01-02,CB,400
RO-1002,689,7,2019-01-02,RO,689
HB-1176,1199,4,2019-01-13,HB,1199
EB-1132,1900,7,2019-01-13,EB,1900
RC-1052,3999,4,2019-01-13,RC,3999
EB-1132,1900,1,2019-01-13,EB,1900
RC-1054,5499,3,2019-01-13,RC,5499
CC-1023,1361,2,2019-02-05,CC,1361
RC-1057,4999,8,2019-02-05,RC,4999
HB-1174,379,8,2019-02-05,HB,379
CB-1163,288,3,2019-02-05,CB,288
MB-1034,2499,9,2019-02-05,MB,2499
EB-1134,4800,4,2019-02-03,EB,4800
MB-1031,649,2,2019-02-03,MB,649
EB-1134,4800,6,2019-02-03,EB,4800
CC-1021,1144,9,2019-02-03,CC,1144
DB-1083,1199,2,2019-02-03,DB,1199
CC-1022,1200,9,2019-02-03,CC,1200
DB-1081,1499,4,2019-02-03,DB,1499
MB-1033,3999,4,2019-01-23,MB,3999
RO-1002,689,6,2019-01-23,RO,689
CB-1163,288,2,2019-01-23,CB,288
BX-1013,449,8,2019-01-23,BX,449
HB-1174,379,2,2019-01-23,HB,379
MB-1032,1299,7,2019-01-23,MB,1299
EB-1136,5000,5,2019-01-23,EB,5000
HB-1171,699,2,2019-01-23,HB,699
EB-1134,4800,4,2019-01-23,EB,4800
MB-1034,2499,4,2019-01-23,MB,2499
EB-1137,7900,5,2019-01-15,EB,7900
MB-1033,3999,3,2019-01-15,MB,3999
DB-1082,1250,10,2019-01-15,DB,1250
BX-1016,319,3,2019-01-15,BX,319
RO-1002,689,5,2019-01-15,RO,689
HB-1171,699,7,2019-01-15,HB,699
BX-1013,449,5,2019-01-15,BX,449
RC-1056,2499,3,2019-01-15,RC,2499
BX-1013,449,1,2019-01-15,BX,449
MB-1031,649,5,2019-01-25,MB,649
HB-1175,899,6,2019-01-25,HB,899
EB-1135,3000,7,2019-01-25,EB,3000
EB-1136,5000,10,2019-01-25,EB,5000
MB-1031,649,2,2019-01-20,MB,649
RC-1057,4999,7,2019-01-20,RC,4999
EB-1134,4800,2,2019-01-20,EB,4800
RC-1051,2499,5,2019-01-20,RC,2499
MB-1031,649,8,2019-01-20,MB,649
CC-1023,1361,4,2019-01-20,CC,1361
DB-1083,1199,7,2019-01-20,DB,1199
BX-1015,299,10,2019-01-19,BX,299
DB-1081,1499,4,2019-01-19,DB,1499
BX-1011,249,9,2019-01-28,BX,249
DB-1083,1199,4,2019-01-22,DB,1199
EB-1133,2250,5,2019-01-22,EB,2250
RC-1057,4999,6,2019-01-22,RC,4999
RO-1003,721,7,2019-01-22,RO,721
CC-1023,1361,3,2019-01-22,CC,1361
BX-1012,399,8,2019-01-22,BX,399
MB-1031,649,3,2019-01-22,MB,649
CC-1021,1144,10,2019-01-22,CC,1144
HB-1173,649,2,2019-01-22,HB,649
CC-1023,1361,3,2019-01-22,CC,1361
EB-1136,5000,10,2019-01-17,EB,5000
RO-1003,721,9,2019-01-17,RO,721
BX-1013,449,3,2019-01-17,BX,449
MB-1031,649,3,2019-01-17,MB,649
BX-1012,399,7,2019-01-17,BX,399
RC-1051,2499,3,2019-01-17,RC,2499
RC-1052,3999,10,2019-01-17,RC,3999
EB-1136,5000,4,2019-01-17,EB,5000
CC-1023,1361,1,2019-01-17,CC,1361
EB-1136,5000,5,2019-01-17,EB,5000
RO-1003,721,8,2019-01-19,RO,721
RC-1054,5499,1,2019-01-19,RC,5499
HB-1173,649,5,2019-01-19,HB,649
RC-1054,5499,3,2019-01-19,RC,5499
RO-1002,689,3,2019-01-19,RO,689
BX-1011,249,5,2019-01-22,BX,249
HB-1171,699,5,2019-01-22,HB,699
RC-1052,3999,3,2019-01-22,RC,3999
BX-1014,799,3,2019-01-22,BX,799
RO-1003,721,9,2019-01-22,RO,721
RO-1002,689,1,2019-01-27,RO,689
RC-1055,1999,8,2019-01-27,RC,1999
CB-1163,288,7,2019-01-27,CB,288
RC-1055,1999,3,2019-01-27,RC,1999
RO-1003,721,4,2019-01-27,RO,721
BX-1016,319,7,2019-01-27,BX,319
CC-1021,1144,5,2019-01-27,CC,1144
BX-1014,799,10,2019-01-27,BX,799
EB-1134,4800,7,2019-01-27,EB,4800
MB-1033,3999,9,2019-01-27,MB,3999
EB-1132,1900,3,2019-02-19,EB,1900
HB-1173,649,6,2019-02-19,HB,649
BX-1013,449,1,2019-02-19,BX,449
CC-1022,1200,8,2019-01-25,CC,1200
HB-1174,379,4,2019-02-12,HB,379
RC-1055,1999,8,2019-02-12,RC,1999
RC-1052,3999,6,2019-02-12,RC,3999
DB-1083,1199,9,2019-02-12,DB,1199
EB-1132,1900,5,2019-02-12,EB,1900
BX-1015,299,2,2019-02-09,BX,299
HB-1174,379,2,2019-02-09,HB,379
CC-1021,1144,5,2019-01-28,CC,1144
BX-1011,249,8,2019-01-28,BX,249
RC-1052,3999,6,2019-01-28,RC,3999
HB-1175,899,8,2019-01-28,HB,899
EB-1136,5000,4,2019-01-28,EB,5000
CC-1022,1200,6,2019-01-28,CC,1200
HB-1174,379,1,2019-02-13,HB,379
HB-1171,699,10,2019-02-13,HB,699
MB-1032,1299,4,2019-02-13,MB,1299
BX-1012,399,1,2019-02-13,BX,399
HB-1176,1199,10,2019-02-13,HB,1199
HB-1171,699,2,2019-02-13,HB,699
RC-1055,1999,3,2019-02-13,RC,1999
CC-1023,1361,10,2019-02-13,CC,1361
HB-1172,799,10,2019-02-13,HB,799
HB-1173,649,8,2019-02-02,HB,649
MB-1032,1299,1,2019-02-02,MB,1299
BX-1013,449,6,2019-02-02,BX,449
EB-1135,3000,2,2019-02-02,EB,3000
RO-1002,689,8,2019-02-02,RO,689
CB-1163,288,1,2019-02-02,CB,288
HB-1174,379,10,2019-02-02,HB,379
HB-1171,699,2,2019-02-02,HB,699
CC-1023,1361,5,2019-02-02,CC,1361
MB-1032,1299,8,2019-02-02,MB,1299
CB-1161,399,7,2019-02-18,CB,399
RO-1002,689,5,2019-02-18,RO,689
HB-1175,899,2,2019-02-18,HB,899
EB-1134,4800,1,2019-02-18,EB,4800
EB-1136,5000,5,2019-02-13,EB,5000
CB-1161,399,2,2019-02-13,CB,399
CB-1163,288,3,2019-02-13,CB,288
CC-1023,1361,1,2019-02-13,CC,1361
HB-1174,379,6,2019-02-13,HB,379
MB-1031,649,4,2019-02-13,MB,649
RC-1054,5499,2,2019-02-13,RC,5499
RC-1052,3999,2,2019-02-13,RC,3999
CC-1021,1144,5,2019-02-18,CC,1144
BX-1015,299,5,2019-02-18,BX,299
BX-1013,449,5,2019-02-18,BX,449
BX-1011,249,4,2019-02-18,BX,249
EB-1137,7900,6,2019-02-18,EB,7900
MB-1031,649,4,2019-02-18,MB,649
EB-1131,1500,8,2019-02-18,EB,1500
DB-1082,1250,2,2019-02-18,DB,1250
DB-1081,1499,4,2019-03-04,DB,1499
DB-1081,1499,6,2019-03-04,DB,1499
CC-1022,1200,1,2019-03-04,CC,1200
EB-1135,3000,1,2019-03-04,EB,3000
RC-1053,4599,5,2019-03-04,RC,4599
RO-1003,721,9,2019-03-04,RO,721
RO-1001,525,9,2019-03-04,RO,525
EB-1136,5000,4,2019-03-04,EB,5000
BX-1013,449,7,2019-03-04,BX,449
BX-1012,399,3,2019-02-11,BX,399
RC-1055,1999,5,2019-02-11,RC,1999
RC-1057,4999,3,2019-02-11,RC,4999
HB-1173,649,8,2019-02-11,HB,649
EB-1132,1900,2,2019-02-11,EB,1900
DB-1082,1250,7,2019-03-07,DB,1250
BX-1012,399,9,2019-03-07,BX,399
MB-1033,3999,5,2019-03-07,MB,3999
HB-1174,379,5,2019-03-07,HB,379
CB-1163,288,10,2019-03-07,CB,288
RO-1003,721,1,2019-03-07,RO,721
RO-1002,689,4,2019-03-07,RO,689
RC-1054,5499,1,2019-03-07,RC,5499
BX-1013,449,7,2019-03-07,BX,449
BX-1013,449,8,2019-03-10,BX,449
DB-1081,1499,10,2019-03-10,DB,1499
HB-1171,699,10,2019-03-10,HB,699
EB-1136,5000,2,2019-03-10,EB,5000
BX-1016,319,9,2019-03-10,BX,319
CB-1162,400,10,2019-03-10,CB,400
RC-1057,4999,6,2019-03-10,RC,4999
RC-1057,4999,5,2019-03-10,RC,4999
DB-1082,1250,1,2019-03-10,DB,1250
RC-1057,4999,7,2019-03-10,RC,4999
DB-1082,1250,9,2019-02-13,DB,1250
DB-1082,1250,5,2019-02-13,DB,1250
EB-1134,4800,7,2019-02-13,EB,4800
BX-1015,299,3,2019-02-13,BX,299
MB-1031,649,10,2019-03-02,MB,649
MB-1033,3999,10,2019-03-02,MB,3999
HB-1174,379,1,2019-03-02,HB,379
RO-1002,689,9,2019-03-02,RO,689
RC-1051,2499,5,2019-03-02,RC,2499
EB-1131,1500,7,2019-03-02,EB,1500
RC-1052,3999,9,2019-03-02,RC,3999
DB-1083,1199,4,2019-03-02,DB,1199
RC-1055,1999,1,2019-02-18,RC,1999
EB-1133,2250,3,2019-02-18,EB,2250
EB-1134,4800,3,2019-02-18,EB,4800
EB-1137,7900,8,2019-02-18,EB,7900
BX-1011,249,5,2019-02-18,BX,249
RC-1054,5499,10,2019-02-18,RC,5499
RC-1054,5499,9,2019-02-18,RC,5499
RO-1001,525,9,2019-02-28,RO,525
RC-1054,5499,9,2019-02-28,RC,5499
BX-1012,399,6,2019-02-28,BX,399
HB-1171,699,5,2019-02-28,HB,699
HB-1174,379,9,2019-02-28,HB,379
BX-1014,799,7,2019-02-28,BX,799
EB-1137,7900,9,2019-03-09,EB,7900
RC-1053,4599,6,2019-03-09,RC,4599
BX-1013,449,10,2019-03-09,BX,449
EB-1137,7900,5,2019-03-09,EB,7900
CC-1022,1200,3,2019-03-09,CC,1200
BX-1016,319,1,2019-03-09,BX,319
DB-1083,1199,2,2019-03-09,DB,1199
HB-1175,899,3,2019-03-09,HB,899
CC-1023,1361,10,2019-03-09,CC,1361
BX-1013,449,1,2019-03-09,BX,449
CC-1022,1200,5,2019-03-11,CC,1200
RC-1054,5499,2,2019-03-11,RC,5499
CC-1023,1361,10,2019-03-02,CC,1361
CC-1022,1200,1,2019-03-02,CC,1200
MB-1033,3999,9,2019-03-13,MB,3999
EB-1131,1500,5,2019-03-13,EB,1500
RO-1002,689,2,2019-03-05,RO,689
EB-1135,3000,7,2019-03-05,EB,3000
CC-1021,1144,4,2019-03-20,CC,1144
HB-1172,799,10,2019-03-20,HB,799
RO-1002,689,1,2019-03-20,RO,689
BX-1013,449,10,2019-03-20,BX,449
HB-1173,649,4,2019-03-20,HB,649
HB-1171,699,8,2019-03-20,HB,699
EB-1137,7900,7,2019-03-20,EB,7900
RC-1056,2499,7,2019-03-20,RC,2499
BX-1015,299,10,2019-03-20,BX,299
HB-1173,649,1,2019-03-20,HB,649
RC-1053,4599,7,2019-03-27,RC,4599
EB-1136,5000,8,2019-03-27,EB,5000
RC-1052,3999,1,2019-03-27,RC,3999
EB-1136,5000,1,2019-03-27,EB,5000
CB-1161,399,7,2019-03-27,CB,399
EB-1131,1500,8,2019-03-27,EB,1500
MB-1034,2499,6,2019-03-11,MB,2499
EB-1134,4800,3,2019-03-11,EB,4800
HB-1172,799,6,2019-03-16,HB,799
HB-1175,899,2,2019-03-16,HB,899
BX-1013,449,5,2019-03-16,BX,449
CB-1162,400,9,2019-03-16,CB,400
CC-1023,1361,6,2019-03-16,CC,1361
CC-1021,1144,7,2019-03-16,CC,1144
RC-1053,4599,4,2019-03-16,RC,4599
BX-1012,399,3,2019-03-16,BX,399
CC-1023,1361,5,2019-03-16,CC,1361
EB-1131,1500,8,2019-03-16,EB,1500
CB-1162,400,5,2019-03-05,CB,400
CC-1022,1200,10,2019-03-05,CC,1200
BX-1011,249,4,2019-03-05,BX,249
CB-1162,400,9,2019-03-05,CB,400
CB-1161,399,8,2019-03-05,CB,399
HB-1174,379,5,2019-03-05,HB,379
BX-1012,399,4,2019-03-11,BX,399
RC-1051,2499,1,2019-03-12,RC,2499
MB-1033,3999,5,2019-03-12,MB,3999
RC-1052,3999,1,2019-03-12,RC,3999
EB-1136,5000,8,2019-03-12,EB,5000
CC-1023,1361,2,2019-03-12,CC,1361
DB-1083,1199,7,2019-03-12,DB,1199
RC-1053,4599,9,2019-04-02,RC,4599
EB-1136,5000,5,2019-04-02,EB,5000
EB-1134,4800,5,2019-04-02,EB,4800
MB-1032,1299,10,2019-04-02,MB,1299
MB-1034,2499,3,2019-04-02,MB,2499
MB-1033,3999,9,2019-04-02,MB,3999
MB-1032,1299,8,2019-04-02,MB,1299
RO-1001,525,3,2019-03-15,RO,525
BX-1014,799,8,2019-03-15,BX,799
BX-1015,299,1,2019-03-15,BX,299
CB-1162,400,10,2019-03-10,CB,400
BX-1014,799,4,2019-03-10,BX,799
CC-1023,1361,5,2019-03-10,CC,1361
HB-1176,1199,2,2019-03-10,HB,1199
HB-1171,699,3,2019-04-01,HB,699
RC-1051,2499,1,2019-04-01,RC,2499
DB-1083,1199,8,2019-04-01,DB,1199
RC-1054,5499,4,2019-04-01,RC,5499
BX-1013,449,4,2019-04-01,BX,449
DB-1081,1499,7,2019-04-01,DB,1499
RC-1054,5499,1,2019-04-01,RC,5499
MB-1033,3999,4,2019-04-01,MB,3999
RO-1003,721,5,2019-04-01,RO,721
MB-1034,2499,6,2019-04-07,MB,2499
BX-1014,799,8,2019-04-07,BX,799
CB-1163,288,3,2019-04-07,CB,288
RC-1052,3999,10,2019-04-07,RC,3999
RC-1056,2499,2,2019-04-07,RC,2499
RC-1056,2499,2,2019-04-07,RC,2499
MB-1033,3999,4,2019-04-07,MB,3999
BX-1011,249,8,2019-04-07,BX,249
EB-1134,4800,1,2019-04-07,EB,4800
EB-1135,3000,2,2019-04-07,EB,3000
RC-1052,3999,4,2019-04-08,RC,3999
HB-1175,899,10,2019-04-08,HB,899
HB-1172,799,2,2019-04-08,HB,799
RC-1057,4999,2,2019-04-08,RC,4999
EB-1135,3000,2,2019-04-08,EB,3000
HB-1176,1199,5,2019-04-08,HB,1199
EB-1132,1900,2,2019-04-08,EB,1900
RC-1053,4599,1,2019-04-08,RC,4599
RC-1054,5499,4,2019-04-08,RC,5499
HB-1173,649,5,2019-04-08,HB,649
MB-1034,2499,8,2019-04-16,MB,2499
RC-1057,4999,4,2019-04-16,RC,4999
EB-1134,4800,9,2019-04-16,EB,4800
DB-1083,1199,7,2019-04-16,DB,1199
BX-1012,399,10,2019-04-16,BX,399
CC-1023,1361,3,2019-04-16,CC,1361
MB-1033,3999,2,2019-04-16,MB,3999
RC-1054,5499,8,2019-03-20,RC,5499
BX-1015,299,4,2019-03-19,BX,299
BX-1013,449,7,2019-03-19,BX,449
CB-1163,288,5,2019-03-19,CB,288
CC-1022,1200,7,2019-03-19,CC,1200
EB-1135,3000,10,2019-03-19,EB,3000
RC-1052,3999,1,2019-03-19,RC,3999
EB-1132,1900,8,2019-03-19,EB,1900
CB-1162,400,3,2019-03-19,CB,400
CB-1163,288,5,2019-04-15,CB,288
MB-1033,3999,9,2019-04-15,MB,3999
CB-1163,288,1,2019-04-15,CB,288
RO-1001,525,7,2019-04-15,RO,525
EB-1137,7900,2,2019-04-15,EB,7900
DB-1081,1499,5,2019-04-15,DB,1499
HB-1173,649,3,2019-04-15,HB,649
EB-1136,5000,10,2019-04-15,EB,5000
EB-1134,4800,2,2019-04-15,EB,4800
HB-1173,649,1,2019-04-15,HB,649
RC-1054,5499,2,2019-04-01,RC,5499
RC-1053,4599,10,2019-04-14,RC,4599
HB-1176,1199,5,2019-04-14,HB,1199
MB-1034,2499,8,2019-04-14,MB,2499
RC-1052,3999,6,2019-03-20,RC,3999
RO-1002,689,7,2019-03-20,RO,689
CB-1163,288,10,2019-03-20,CB,288
DB-1082,1250,7,2019-03-20,DB,1250
DB-1081,1499,10,2019-03-20,DB,1499
EB-1135,3000,3,2019-03-20,EB,3000
MB-1031,649,7,2019-03-20,MB,649
HB-1175,899,3,2019-03-20,HB,899
CC-1022,1200,6,2019-04-06,CC,1200
CC-1021,1144,1,2019-04-06,CC,1144
RC-1052,3999,2,2019-04-06,RC,3999
RC-1056,2499,1,2019-04-06,RC,2499
EB-1136,5000,3,2019-04-06,EB,5000
RC-1055,1999,9,2019-04-06,RC,1999
CC-1023,1361,7,2019-04-23,CC,1361
RC-1055,1999,4,2019-04-23,RC,1999
EB-1137,7900,10,2019-04-23,EB,7900
MB-1032,1299,7,2019-04-23,MB,1299
EB-1133,2250,5,2019-04-23,EB,2250
DB-1081,1499,10,2019-04-23,DB,1499
CB-1162,400,10,2019-04-23,CB,400
BX-1012,399,9,2019-04-24,BX,399
CB-1161,399,7,2019-04-24,CB,399
EB-1137,7900,1,2019-04-02,EB,7900
RO-1002,689,10,2019-04-02,RO,689
BX-1013,449,9,2019-04-02,BX,449
MB-1033,3999,9,2019-04-02,MB,3999
DB-1083,1199,10,2019-04-02,DB,1199
RC-1054,5499,9,2019-04-02,RC,5499
HB-1173,649,7,2019-04-02,HB,649
CB-1163,288,5,2019-04-02,CB,288
CC-1023,1361,7,2019-04-02,CC,1361
CB-1161,399,3,2019-04-02,CB,399
EB-1136,5000,8,2019-04-13,EB,5000
RC-1056,2499,8,2019-04-13,RC,2499
RC-1054,5499,7,2019-04-13,RC,5499
BX-1011,249,7,2019-04-13,BX,249
MB-1032,1299,4,2019-04-13,MB,1299
EB-1137,7900,6,2019-04-13,EB,7900
BX-1011,249,1,2019-04-13,BX,249
RO-1003,721,5,2019-04-08,RO,721
BX-1016,319,3,2019-04-08,BX,319
CB-1163,288,8,2019-04-08,CB,288
EB-1136,5000,3,2019-04-08,EB,5000
CB-1163,288,7,2019-04-08,CB,288
HB-1176,1199,4,2019-04-08,HB,1199
EB-1132,1900,10,2019-04-08,EB,1900
RC-1053,4599,8,2019-04-08,RC,4599
BX-1016,319,10,2019-05-03,BX,319
EB-1132,1900,3,2019-05-03,EB,1900
RO-1003,721,6,2019-05-03,RO,721
CB-1161,399,9,2019-05-03,CB,399
EB-1133,2250,8,2019-05-03,EB,2250
MB-1031,649,10,2019-04-27,MB,649
EB-1134,4800,9,2019-04-27,EB,4800
BX-1013,449,6,2019-04-27,BX,449
MB-1033,3999,3,2019-04-27,MB,3999
BX-1016,319,7,2019-04-27,BX,319
BX-1013,449,6,2019-04-27,BX,449
EB-1132,1900,7,2019-04-27,EB,1900
RC-1057,4999,5,2019-04-27,RC,4999
CC-1023,1361,9,2019-04-27,CC,1361
RC-1055,1999,3,2019-04-27,RC,1999
CB-1162,400,5,2019-04-15,CB,400
RC-1053,4599,8,2019-04-15,RC,4599
HB-1176,1199,6,2019-04-15,HB,1199
EB-1132,1900,1,2019-04-23,EB,1900
RO-1003,721,10,2019-04-23,RO,721
CC-1023,1361,9,2019-04-23,CC,1361
BX-1013,449,4,2019-04-23,BX,449
RO-1003,721,5,2019-04-15,RO,721
RO-1001,525,4,2019-04-15,RO,525
RC-1057,4999,9,2019-04-15,RC,4999
EB-1134,4800,9,2019-04-28,EB,4800
HB-1173,649,6,2019-04-28,HB,649
EB-1137,7900,1,2019-04-28,EB,7900
CB-1161,399,6,2019-04-28,CB,399
HB-1173,649,7,2019-04-28,HB,649
HB-1175,899,7,2019-04-28,HB,899
BX-1012,399,8,2019-04-28,BX,399
MB-1032,1299,6,2019-04-27,MB,1299
RC-1055,1999,10,2019-04-27,RC,1999
CB-1163,288,1,2019-04-27,CB,288
BX-1013,449,10,2019-04-27,BX,449
MB-1034,2499,4,2019-04-27,MB,2499
DB-1081,1499,1,2019-04-27,DB,1499
HB-1174,379,7,2019-04-27,HB,379
CB-1161,399,7,2019-04-27,CB,399
RC-1054,5499,6,2019-04-27,RC,5499
EB-1137,7900,7,2019-04-16,EB,7900
EB-1137,7900,10,2019-04-16,EB,7900
CB-1163,288,8,2019-04-16,CB,288
CC-1023,1361,1,2019-04-16,CC,1361
BX-1015,299,3,2019-04-16,BX,299
EB-1136,5000,8,2019-04-16,EB,5000
BX-1015,299,9,2019-04-16,BX,299
HB-1171,699,2,2019-04-16,HB,699
RO-1002,689,9,2019-04-16,RO,689
DB-1082,1250,1,2019-04-22,DB,1250
HB-1175,899,1,2019-04-22,HB,899
EB-1134,4800,1,2019-04-22,EB,4800
CB-1163,288,10,2019-04-22,CB,288
BX-1015,299,9,2019-04-22,BX,299
HB-1176,1199,10,2019-04-22,HB,1199
RC-1057,4999,8,2019-04-22,RC,4999
RO-1002,689,8,2019-05-13,RO,689
MB-1034,2499,5,2019-05-13,MB,2499
EB-1134,4800,5,2019-05-13,EB,4800
RC-1054,5499,2,2019-05-13,RC,5499
MB-1031,649,4,2019-04-24,MB,649
MB-1031,649,9,2019-04-24,MB,649
BX-1013,449,7,2019-04-24,BX,449
CC-1022,1200,1,2019-05-10,CC,1200
BX-1015,299,5,2019-05-10,BX,299
MB-1033,3999,2,2019-05-10,MB,3999
HB-1176,1199,9,2019-05-10,HB,1199
HB-1175,899,4,2019-05-10,HB,899
CB-1163,288,6,2019-05-10,CB,288
HB-1173,649,8,2019-05-10,HB,649
EB-1137,7900,1,2019-05-10,EB,7900
EB-1137,7900,5,2019-05-10,EB,7900
MB-1034,2499,10,2019-04-29,MB,2499
HB-1176,1199,3,2019-04-29,HB,1199
BX-1012,399,7,2019-05-13,BX,399
CC-1022,1200,2,2019-05-13,CC,1200
BX-1011,249,6,2019-05-13,BX,249
CC-1021,1144,1,2019-05-08,CC,1144
EB-1136,5000,9,2019-05-08,EB,5000
RC-1055,1999,8,2019-05-08,RC,1999
EB-1133,2250,8,2019-05-08,EB,2250
DB-1083,1199,8,2019-05-08,DB,1199
CC-1023,1361,2,2019-05-08,CC,1361
BX-1013,449,1,2019-05-08,BX,449
EB-1133,2250,6,2019-05-08,EB,2250
MB-1033,3999,6,2019-05-08,MB,3999
EB-1136,5000,3,2019-05-13,EB,5000
DB-1083,1199,10,2019-05-13,DB,1199
BX-1014,799,9,2019-05-13,BX,799
EB-1136,5000,6,2019-05-13,EB,5000
MB-1033,3999,10,2019-05-13,MB,3999
CB-1162,400,1,2019-05-13,CB,400
CC-1021,1144,1,2019-05-13,CC,1144
HB-1173,649,6,2019-05-13,HB,649
HB-1172,799,7,2019-05-13,HB,799
DB-1083,1199,8,2019-05-17,DB,1199
RO-1003,721,5,2019-05-17,RO,721
BX-1013,449,2,2019-05-17,BX,449
MB-1031,649,7,2019-05-11,MB,649
EB-1135,3000,10,2019-05-11,EB,3000
BX-1014,799,3,2019-05-11,BX,799
RC-1053,4599,3,2019-05-11,RC,4599
RO-1001,525,7,2019-05-11,RO,525
RC-1055,1999,9,2019-05-11,RC,1999
RC-1055,1999,10,2019-05-11,RC,1999
RC-1052,3999,3,2019-05-11,RC,3999
CB-1161,399,2,2019-05-11,CB,399
RC-1053,4599,4,2019-05-11,RC,4599
HB-1171,699,4,2019-05-12,HB,699
BX-1015,299,6,2019-05-12,BX,299
CB-1163,288,1,2019-05-12,CB,288
BX-1015,299,2,2019-05-12,BX,299
RC-1057,4999,4,2019-05-12,RC,4999
DB-1083,1199,4,2019-05-12,DB,1199
EB-1135,3000,8,2019-05-12,EB,3000
RC-1051,2499,5,2019-05-12,RC,2499
BX-1015,299,6,2019-05-18,BX,299
BX-1014,799,5,2019-05-18,BX,799
EB-1134,4800,4,2019-05-18,EB,4800
DB-1083,1199,10,2019-05-18,DB,1199
RC-1055,1999,10,2019-05-20,RC,1999
BX-1012,399,7,2019-05-20,BX,399
RC-1052,3999,8,2019-05-20,RC,3999
CC-1021,1144,8,2019-05-20,CC,1144
RC-1054,5499,6,2019-05-20,RC,5499
EB-1131,1500,1,2019-05-19,EB,1500
EB-1135,3000,3,2019-05-19,EB,3000
BX-1015,299,8,2019-05-19,BX,299
BX-1011,249,6,2019-05-19,BX,249
DB-1083,1199,6,2019-05-19,DB,1199
HB-1175,899,3,2019-05-19,HB,899
CC-1023,1361,8,2019-05-19,CC,1361
MB-1034,2499,7,2019-05-19,MB,2499
EB-1131,1500,9,2019-05-19,EB,1500
CB-1162,400,6,2019-05-19,CB,400
CC-1022,1200,8,2019-05-30,CC,1200
EB-1131,1500,1,2019-05-30,EB,1500
BX-1013,449,5,2019-05-30,BX,449
RC-1055,1999,6,2019-05-25,RC,1999
RC-1056,2499,8,2019-05-25,RC,2499
EB-1134,4800,10,2019-05-25,EB,4800
RC-1057,4999,6,2019-05-25,RC,4999
HB-1171,699,1,2019-05-25,HB,699
MB-1031,649,7,2019-05-11,MB,649
EB-1135,3000,9,2019-05-11,EB,3000
RC-1055,1999,2,2019-05-11,RC,1999
HB-1173,649,7,2019-05-11,HB,649
RC-1052,3999,3,2019-05-11,RC,3999
EB-1135,3000,6,2019-05-11,EB,3000
RC-1054,5499,7,2019-05-11,RC,5499
EB-1131,1500,6,2019-05-11,EB,1500
MB-1033,3999,7,2019-05-11,MB,3999
BX-1012,399,1,2019-06-04,BX,399
BX-1016,319,1,2019-06-04,BX,319
EB-1133,2250,9,2019-06-04,EB,2250
MB-1032,1299,1,2019-05-31,MB,1299
HB-1173,649,7,2019-05-31,HB,649
BX-1013,449,2,2019-05-31,BX,449
EB-1131,1500,5,2019-05-31,EB,1500
CB-1163,288,6,2019-05-31,CB,288
EB-1134,4800,5,2019-05-31,EB,4800
DB-1083,1199,7,2019-05-31,DB,1199
BX-1016,319,9,2019-05-31,BX,319
CC-1023,1361,1,2019-05-31,CC,1361
CC-1022,1200,8,2019-05-31,CC,1200
RC-1057,4999,10,2019-05-15,RC,4999
CC-1021,1144,8,2019-05-15,CC,1144
RC-1056,2499,6,2019-05-15,RC,2499
BX-1016,319,10,2019-05-26,BX,319
RC-1052,3999,4,2019-05-26,RC,3999
EB-1134,4800,2,2019-05-26,EB,4800
RC-1056,2499,3,2019-05-26,RC,2499
DB-1082,1250,4,2019-05-26,DB,1250
RO-1002,689,8,2019-05-26,RO,689
RC-1057,4999,9,2019-05-26,RC,4999
CC-1021,1144,3,2019-05-26,CC,1144
BX-1013,449,1,2019-05-26,BX,449
MB-1033,3999,5,2019-06-13,MB,3999
BX-1011,249,5,2019-06-13,BX,249
EB-1137,7900,10,2019-06-13,EB,7900
RC-1052,3999,2,2019-06-13,RC,3999
MB-1033,3999,4,2019-06-13,MB,3999
RC-1057,4999,3,2019-06-13,RC,4999
EB-1132,1900,6,2019-06-13,EB,1900
RO-1002,689,6,2019-05-24,RO,689
EB-1132,1900,10,2019-05-24,EB,1900
RC-1052,3999,5,2019-05-24,RC,3999
MB-1034,2499,4,2019-05-24,MB,2499
EB-1137,7900,5,2019-05-24,EB,7900
CC-1022,1200,1,2019-05-31,CC,1200
DB-1083,1199,7,2019-05-31,DB,1199
EB-1137,7900,5,2019-05-31,EB,7900
EB-1136,5000,9,2019-06-19,EB,5000
RC-1051,2499,2,2019-06-19,RC,2499
HB-1172,799,7,2019-06-19,HB,799
EB-1131,1500,3,2019-06-19,EB,1500
MB-1031,649,10,2019-06-19,MB,649
BX-1016,319,2,2019-06-19,BX,319
EB-1132,1900,6,2019-06-25,EB,1900
RC-1054,5499,7,2019-06-25,RC,5499
DB-1082,1250,9,2019-05-24,DB,1250
CC-1023,1361,7,2019-05-24,CC,1361
EB-1131,1500,3,2019-05-24,EB,1500
CC-1022,1200,3,2019-05-24,CC,1200
EB-1133,2250,7,2019-05-24,EB,2250
MB-1031,649,10,2019-06-20,MB,649
HB-1175,899,9,2019-06-20,HB,899
RC-1052,3999,6,2019-06-20,RC,3999
DB-1082,1250,10,2019-06-20,DB,1250
BX-1012,399,10,2019-06-20,BX,399
HB-1171,699,7,2019-06-03,HB,699
CB-1162,400,5,2019-06-03,CB,400
HB-1176,1199,3,2019-06-03,HB,1199
MB-1031,649,8,2019-06-03,MB,649
HB-1172,799,4,2019-06-03,HB,799
CC-1023,1361,4,2019-06-03,CC,1361
RC-1056,2499,10,2019-06-03,RC,2499
BX-1011,249,1,2019-06-03,BX,249
CC-1022,1200,4,2019-06-03,CC,1200
EB-1134,4800,4,2019-06-03,EB,4800
MB-1031,649,2,2019-06-27,MB,649
CC-1022,1200,3,2019-06-27,CC,1200
BX-1013,449,7,2019-06-27,BX,449
MB-1031,649,1,2019-06-27,MB,649
DB-1083,1199,3,2019-06-27,DB,1199
CB-1162,400,3,2019-06-27,CB,400
CB-1162,400,10,2019-06-27,CB,400
CB-1162,400,3,2019-06-27,CB,400
CC-1023,1361,7,2019-06-27,CC,1361
MB-1032,1299,9,2019-06-27,MB,1299
HB-1172,799,9,2019-06-16,HB,799
RC-1057,4999,2,2019-06-16,RC,4999
EB-1134,4800,2,2019-06-16,EB,4800
RC-1055,1999,6,2019-06-16,RC,1999
CB-1163,288,10,2019-06-28,CB,288
BX-1011,249,4,2019-06-08,BX,249
EB-1132,1900,8,2019-06-08,EB,1900
DB-1083,1199,7,2019-06-22,DB,1199
DB-1083,1199,2,2019-06-22,DB,1199
EB-1134,4800,9,2019-06-22,EB,4800
HB-1175,899,9,2019-06-22,HB,899
RC-1053,4599,10,2019-06-22,RC,4599
DB-1081,1499,7,2019-06-22,DB,1499
HB-1171,699,8,2019-06-22,HB,699
RC-1054,5499,8,2019-06-19,RC,5499
RC-1056,2499,2,2019-06-19,RC,2499
MB-1031,649,7,2019-06-19,MB,649
DB-1083,1199,4,2019-06-21,DB,1199
BX-1016,319,5,2019-06-21,BX,319
BX-1013,449,8,2019-06-21,BX,449
RO-1001,525,4,2019-06-21,RO,525
CC-1023,1361,7,2019-06-21,CC,1361
CB-1161,399,4,2019-06-21,CB,399
CC-1023,1361,10,2019-06-21,CC,1361
RO-1002,689,1,2019-06-21,RO,689
CC-1022,1200,7,2019-06-05,CC,1200
DB-1081,1499,10,2019-06-05,DB,1499
HB-1172,799,8,2019-06-05,HB,799
EB-1136,5000,8,2019-06-05,EB,5000
CC-1021,1144,6,2019-06-05,CC,1144
DB-1083,1199,7,2019-06-05,DB,1199
BX-1016,319,3,2019-06-05,BX,319
EB-1136,5000,2,2019-06-05,EB,5000
BX-1012,399,7,2019-06-05,BX,399
RC-1057,4999,5,2019-06-05,RC,4999
EB-1131,1500,7,2019-06-17,EB,1500
MB-1032,1299,4,2019-06-17,MB,1299
BX-1013,449,5,2019-06-17,BX,449
CB-1163,288,4,2019-06-17,CB,288
HB-1173,649,7,2019-06-17,HB,649
HB-1172,799,1,2019-06-17,HB,799
CB-1163,288,2,2019-06-17,CB,288
HB-1174,379,1,2019-06-17,HB,379
CC-1023,1361,8,2019-06-17,CC,1361
HB-1171,699,10,2019-06-17,HB,699
EB-1132,1900,2,2019-06-10,EB,1900
RC-1057,4999,9,2019-06-10,RC,4999
HB-1174,379,2,2019-06-10,HB,379
EB-1135,3000,10,2019-06-10,EB,3000
EB-1133,2250,1,2019-06-10,EB,2250
BX-1011,249,9,2019-06-10,BX,249
MB-1033,3999,4,2019-06-10,MB,3999
MB-1034,2499,4,2019-06-06,MB,2499
BX-1016,319,2,2019-06-06,BX,319
BX-1013,449,7,2019-06-06,BX,449
MB-1033,3999,3,2019-06-14,MB,3999
RO-1002,689,4,2019-06-14,RO,689
EB-1137,7900,8,2019-06-14,EB,7900
MB-1032,1299,2,2019-06-14,MB,1299
BX-1012,399,5,2019-06-14,BX,399
CB-1162,400,4,2019-06-14,CB,400
RO-1002,689,5,2019-06-14,RO,689
EB-1136,5000,10,2019-06-06,EB,5000
BX-1016,319,1,2019-06-06,BX,319
BX-1013,449,10,2019-06-06,BX,449
BX-1013,449,5,2019-06-30,BX,449
RO-1002,689,7,2019-06-30,RO,689
DB-1082,1250,4,2019-06-30,DB,1250
RC-1051,2499,2,2019-06-30,RC,2499
HB-1174,379,4,2019-07-08,HB,379
EB-1132,1900,5,2019-07-08,EB,1900
RC-1053,4599,9,2019-06-13,RC,4599
BX-1014,799,1,2019-06-13,BX,799
CC-1022,1200,7,2019-06-13,CC,1200
RC-1053,4599,3,2019-06-13,RC,4599
CC-1023,1361,9,2019-06-13,CC,1361
HB-1173,649,10,2019-06-13,HB,649
DB-1081,1499,5,2019-06-13,DB,1499
BX-1012,399,1,2019-06-13,BX,399
CB-1163,288,8,2019-06-13,CB,288
EB-1137,7900,4,2019-06-13,EB,7900
MB-1032,1299,8,2019-06-13,MB,1299
RC-1057,4999,8,2019-06-13,RC,4999
HB-1171,699,6,2019-06-13,HB,699
RC-1056,2499,10,2019-06-13,RC,2499
HB-1175,899,3,2019-06-30,HB,899
RC-1051,2499,4,2019-06-30,RC,2499
HB-1171,699,10,2019-06-19,HB,699
BX-1011,249,5,2019-06-19,BX,249
CB-1163,288,7,2019-06-19,CB,288
CC-1022,1200,3,2019-06-19,CC,1200
BX-1014,799,9,2019-06-19,BX,799
RC-1052,3999,9,2019-06-19,RC,3999
RC-1055,1999,4,2019-06-19,RC,1999
RC-1054,5499,1,2019-06-19,RC,5499
MB-1031,649,10,2019-07-09,MB,649
BX-1013,449,3,2019-07-09,BX,449
EB-1132,1900,3,2019-07-09,EB,1900
BX-1011,249,5,2019-07-09,BX,249
BX-1015,299,6,2019-07-09,BX,299
